item,identification error rate %,total,correct,correct %,false alarm,false alarm %,missed detection,missed detection %,confusion,confusion %
BER_0396_005220_005340.rttm,42.54,27.06,19.15,70.77,3.60,13.30,7.26,26.83,0.65,2.40
BER_0396_008100_008220.rttm,85.50,36.27,8.73,24.07,3.47,9.57,25.97,71.60,1.57,4.33
BER_0396_008820_008940.rttm,52.03,12.59,7.19,57.11,1.15,9.13,5.40,42.89,0.00,0.00
BER_0396_010140_010260.rttm,70.90,36.67,14.22,38.78,3.55,9.68,11.07,30.19,11.38,31.03
BER_0396_011160_011280.rttm,28.12,24.32,20.74,85.28,3.26,13.40,3.58,14.72,0.00,0.00
BER_0396_012900_013020.rttm,188.84,14.78,2.40,16.24,15.53,105.07,10.73,72.60,1.65,11.16
BER_0396_013680_013800.rttm,273.47,11.91,1.35,11.34,22.01,184.80,9.75,81.86,0.81,6.80
BER_0396_014520_014640.rttm,100.04,23.75,18.02,75.87,18.03,75.92,3.85,16.21,1.88,7.92
BER_0396_021840_021960.rttm,0.00,0.00,0.00,,0.00,,0.00,,0.00,
BER_0396_022920_023040.rttm,0.00,0.00,0.00,,0.00,,0.00,,0.00,
BER_0396_024120_024240.rttm,69.20,18.57,11.09,59.72,5.37,28.92,4.99,26.87,2.49,13.41
BER_0396_024840_024960.rttm,69.14,42.55,15.40,36.19,2.27,5.33,21.15,49.71,6.00,14.10
BER_0396_033660_033780.rttm,41.03,48.74,34.76,71.32,6.02,12.35,9.15,18.77,4.83,9.91
BER_0396_037380_037500.rttm,65.06,54.58,21.56,39.50,2.49,4.56,32.27,59.12,0.75,1.37
BER_0396_040500_040620.rttm,108.82,15.54,0.78,5.02,2.15,13.84,14.63,94.14,0.13,0.84
BER_1196_002760_002880.rttm,68.69,17.31,7.98,46.10,2.56,14.79,8.71,50.32,0.62,3.58
BER_1196_007500_007620.rttm,0.00,0.00,0.00,,0.00,,0.00,,0.00,
BER_1196_011160_011280.rttm,100.52,48.29,0.00,0.00,0.25,0.52,43.76,90.62,4.53,9.38
BER_1196_013680_013800.rttm,73.24,31.84,15.25,47.90,6.73,21.14,14.01,44.00,2.58,8.10
BER_1196_014760_014880.rttm,61.59,66.05,30.70,46.48,5.33,8.07,32.79,49.64,2.56,3.88
BER_1196_015660_015780.rttm,91.95,32.81,7.42,22.62,4.78,14.57,23.96,73.03,1.43,4.36
BER_1196_016140_016260.rttm,63.56,77.36,34.39,44.45,6.20,8.01,40.54,52.40,2.43,3.14
BER_1196_021240_021360.rttm,80.61,43.94,9.90,22.53,1.38,3.14,30.62,69.69,3.42,7.78
BER_1196_022560_022680.rttm,71.11,64.45,29.13,45.20,10.51,16.31,34.63,53.73,0.69,1.07
BER_1196_023820_023940.rttm,85.77,35.92,9.03,25.14,3.92,10.91,21.97,61.16,4.92,13.70
BER_1196_024960_025080.rttm,91.70,28.30,11.51,40.67,9.16,32.37,15.87,56.08,0.92,3.25
BER_1196_032880_033000.rttm,134.27,10.33,0.14,1.36,3.68,35.62,4.97,48.11,5.22,50.53
BER_1196_033480_033600.rttm,102.48,28.99,7.46,25.73,8.18,28.22,12.74,43.95,8.79,30.32
BER_1196_034740_034860.rttm,79.73,28.42,17.82,62.70,12.06,42.43,8.56,30.12,2.04,7.18
BER_1196_039000_039120.rttm,90.78,31.02,2.88,9.28,0.02,0.06,28.14,90.72,0.00,0.00
BER_1618_003480_003600.rttm,66.61,43.28,18.44,42.61,3.99,9.22,23.03,53.21,1.81,4.18
BER_1618_007620_007740.rttm,0.00,0.00,0.00,,0.00,,0.00,,0.00,
BER_1618_009000_009120.rttm,0.00,0.00,0.00,,0.00,,0.00,,0.00,
BER_1618_013200_013320.rttm,100.00,0.00,0.00,,1.80,,0.00,,0.00,
BER_1618_017400_017520.rttm,65.13,65.64,28.69,43.71,5.80,8.84,30.34,46.22,6.61,10.07
BER_1618_023520_023640.rttm,0.00,0.00,0.00,,0.00,,0.00,,0.00,
BER_1618_023820_023940.rttm,0.00,0.00,0.00,,0.00,,0.00,,0.00,
BER_1618_024180_024300.rttm,0.00,0.00,0.00,,0.00,,0.00,,0.00,
BER_1618_031620_031740.rttm,63.10,79.05,32.55,41.18,3.38,4.28,39.52,49.99,6.98,8.83
BER_1618_041040_041160.rttm,83.69,120.39,21.40,17.78,1.77,1.47,96.44,80.11,2.55,2.12
BER_1618_043620_043740.rttm,100.00,0.00,0.00,,1.31,,0.00,,0.00,
BER_1618_047700_047820.rttm,0.00,0.00,0.00,,0.00,,0.00,,0.00,
BER_1618_050520_050640.rttm,0.00,0.00,0.00,,0.00,,0.00,,0.00,
BER_1618_051240_051360.rttm,0.00,0.00,0.00,,0.00,,0.00,,0.00,
BER_1618_053820_053940.rttm,0.00,0.00,0.00,,0.00,,0.00,,0.00,
BER_1844_002580_002700.rttm,98.52,44.48,0.66,1.48,0.00,0.00,43.82,98.52,0.00,0.00
BER_1844_009060_009180.rttm,0.00,0.00,0.00,,0.00,,0.00,,0.00,
BER_1844_010560_010680.rttm,0.00,0.00,0.00,,0.00,,0.00,,0.00,
BER_1844_012120_012240.rttm,100.00,11.06,0.00,0.00,0.00,0.00,7.67,69.35,3.39,30.65
BER_1844_013200_013320.rttm,72.74,41.93,14.56,34.72,3.13,7.46,21.32,50.85,6.05,14.43
BER_1844_013740_013860.rttm,68.27,49.10,20.15,41.04,4.57,9.31,18.45,37.58,10.50,21.38
BER_1844_018120_018240.rttm,84.67,70.71,11.82,16.72,0.98,1.39,50.51,71.43,8.38,11.85
BER_1844_018960_019080.rttm,126.27,22.95,3.76,16.38,9.79,42.66,18.42,80.26,0.77,3.36
BER_1844_020340_020460.rttm,84.51,26.14,4.07,15.57,0.02,0.08,17.73,67.83,4.34,16.60
BER_1844_028320_028440.rttm,107.48,19.78,2.23,11.27,3.71,18.76,13.44,67.95,4.11,20.78
BER_1844_029940_030060.rttm,93.58,38.50,7.14,18.55,4.67,12.13,22.83,59.30,8.53,22.16
BER_1844_030660_030780.rttm,100.00,24.05,0.00,0.00,0.00,0.00,24.05,100.00,0.00,0.00
BER_1844_031620_031740.rttm,96.72,94.01,3.08,3.28,0.00,0.00,77.04,81.95,13.89,14.78
BER_1844_034080_034200.rttm,79.88,85.35,18.27,21.41,1.10,1.29,62.32,73.02,4.76,5.58
BER_1844_041880_042000.rttm,82.52,80.57,15.18,18.84,1.10,1.37,56.11,69.64,9.28,11.52
BER_2927_012000_012120.rttm,74.17,43.01,15.91,36.99,4.80,11.16,23.53,54.71,3.57,8.30
BER_2927_013500_013620.rttm,81.31,99.63,19.77,19.84,1.15,1.15,60.96,61.19,18.90,18.97
BER_2927_014160_014280.rttm,67.83,96.66,39.30,40.66,8.20,8.48,44.00,45.52,13.36,13.82
BER_2927_019980_020100.rttm,0.00,0.00,0.00,,0.00,,0.00,,0.00,
BER_2927_023820_023940.rttm,70.37,102.43,34.78,33.95,4.43,4.32,38.90,37.98,28.75,28.07
BER_2927_025080_025200.rttm,66.24,57.32,23.97,41.82,4.62,8.06,21.00,36.64,12.35,21.55
BER_2927_026160_026280.rttm,67.07,97.67,38.48,39.40,6.32,6.47,49.35,50.53,9.84,10.07
BER_2927_026460_026580.rttm,73.38,90.32,33.67,37.28,9.63,10.66,43.68,48.36,12.97,14.36
BER_2927_027180_027300.rttm,75.89,92.04,26.37,28.65,4.18,4.54,53.55,58.18,12.12,13.17
BER_2927_030120_030240.rttm,63.66,85.82,37.05,43.17,5.86,6.83,47.18,54.98,1.59,1.85
BER_2927_037440_037560.rttm,98.09,17.26,1.39,8.05,1.06,6.14,15.81,91.60,0.06,0.35
BER_2927_044340_044460.rttm,82.71,29.73,5.99,20.15,0.85,2.86,19.55,65.76,4.19,14.09
BER_2927_053160_053280.rttm,0.00,0.00,0.00,,0.00,,0.00,,0.00,
BER_2927_054900_055020.rttm,0.00,0.00,0.00,,0.00,,0.00,,0.00,
BER_2927_056400_056520.rttm,0.00,0.00,0.00,,0.00,,0.00,,0.00,
BER_3749_004140_004260.rttm,52.31,142.93,71.03,49.70,2.87,2.01,54.41,38.07,17.49,12.24
BER_3749_004620_004740.rttm,68.84,85.41,32.67,38.25,6.06,7.10,40.63,47.57,12.11,14.18
BER_3749_005520_005640.rttm,67.73,102.97,34.45,33.46,1.22,1.18,51.99,50.49,16.53,16.05
BER_3749_007860_007980.rttm,104.71,12.75,0.00,0.00,0.60,4.71,12.75,100.00,0.00,0.00
BER_3749_009540_009660.rttm,28.89,26.62,19.07,71.64,0.14,0.53,7.55,28.36,0.00,0.00
BER_3749_009720_009840.rttm,0.00,0.00,0.00,,0.00,,0.00,,0.00,
BER_3749_011280_011400.rttm,0.00,0.00,0.00,,0.00,,0.00,,0.00,
BER_3749_011640_011760.rttm,0.00,0.00,0.00,,0.00,,0.00,,0.00,
BER_3749_017640_017760.rttm,66.68,76.68,30.33,39.55,4.78,6.23,38.33,49.99,8.02,10.46
BER_3749_019920_020040.rttm,78.25,81.38,18.95,23.29,1.25,1.54,55.10,67.71,7.33,9.01
BER_3749_021240_021360.rttm,100.00,42.42,0.00,0.00,0.00,0.00,42.42,100.00,0.00,0.00
BER_3749_026400_026520.rttm,100.00,85.94,0.00,0.00,0.00,0.00,85.94,100.00,0.00,0.00
BER_3749_028920_029040.rttm,74.46,36.88,10.25,27.79,0.83,2.25,25.12,68.11,1.51,4.09
BER_3749_034680_034800.rttm,51.55,96.97,48.03,49.53,1.05,1.08,46.03,47.47,2.91,3.00
BER_3749_043560_043680.rttm,40.17,55.32,37.76,68.26,4.66,8.42,12.31,22.25,5.25,9.49
BER_3895_003780_003900.rttm,96.23,3.18,0.36,11.32,0.24,7.55,2.82,88.68,0.00,0.00
BER_3895_006120_006240.rttm,0.00,0.00,0.00,,0.00,,0.00,,0.00,
BER_3895_009300_009420.rttm,66.55,24.84,10.62,42.75,2.31,9.30,13.19,53.10,1.03,4.15
BER_3895_012180_012300.rttm,82.39,150.14,32.20,21.45,5.76,3.84,101.35,67.50,16.59,11.05
BER_3895_013020_013140.rttm,79.02,115.18,29.34,25.47,5.17,4.49,70.51,61.22,15.33,13.31
BER_3895_013440_013560.rttm,51.51,136.36,69.14,50.70,3.02,2.21,60.49,44.36,6.73,4.94
BER_3895_014940_015060.rttm,70.66,107.88,38.03,35.25,6.38,5.91,68.18,63.20,1.67,1.55
BER_3895_021660_021780.rttm,396.05,10.39,3.24,31.18,34.00,327.24,6.94,66.79,0.21,2.02
BER_3895_027120_027240.rttm,96.28,55.63,2.41,4.33,0.34,0.61,44.62,80.21,8.60,15.46
BER_3895_030120_030240.rttm,45.21,11.68,10.15,86.90,3.75,32.11,1.53,13.10,0.00,0.00
BER_3895_030480_030600.rttm,75.79,28.54,19.23,67.38,12.32,43.17,6.10,21.37,3.21,11.25
BER_3895_033060_033180.rttm,365.92,1.79,1.65,92.18,6.41,358.10,0.14,7.82,0.00,0.00
BER_3895_037560_037680.rttm,0.00,0.00,0.00,,0.00,,0.00,,0.00,
BER_3895_043560_043680.rttm,55.03,92.59,54.29,58.63,12.65,13.66,33.25,35.91,5.05,5.45
BER_3895_047220_047340.rttm,307.35,15.52,0.31,2.00,32.49,209.34,6.69,43.11,8.52,54.90
BER_5750_004860_004980.rttm,72.12,76.53,23.29,30.43,1.95,2.55,48.26,63.06,4.98,6.51
BER_5750_006420_006540.rttm,82.44,106.99,20.91,19.54,2.12,1.98,82.55,77.16,3.53,3.30
BER_5750_008100_008220.rttm,93.37,144.38,9.57,6.63,0.00,0.00,128.22,88.81,6.59,4.56
BER_5750_010560_010680.rttm,79.70,157.23,32.95,20.96,1.03,0.66,120.29,76.51,3.99,2.54
BER_5750_022500_022620.rttm,0.00,0.00,0.00,,0.00,,0.00,,0.00,
BER_5750_027060_027180.rttm,39.75,96.07,61.06,63.56,3.18,3.31,32.69,34.03,2.32,2.41
BER_5750_029340_029460.rttm,48.83,27.26,18.13,66.51,4.18,15.33,3.96,14.53,5.17,18.97
BER_5750_029760_029880.rttm,77.80,80.33,28.28,35.20,10.45,13.01,41.65,51.85,10.40,12.95
BER_5750_030120_030240.rttm,103.23,48.98,13.26,27.07,14.84,30.30,32.83,67.03,2.89,5.90
BER_5750_030420_030540.rttm,91.19,74.60,27.25,36.53,20.68,27.72,37.59,50.39,9.76,13.08
BER_5750_034560_034680.rttm,0.00,0.00,0.00,,0.00,,0.00,,0.00,
BER_5750_038520_038640.rttm,0.00,0.00,0.00,,0.00,,0.00,,0.00,
BER_5750_039300_039420.rttm,0.00,0.00,0.00,,0.00,,0.00,,0.00,
BER_5750_039840_039960.rttm,0.00,0.00,0.00,,0.00,,0.00,,0.00,
BER_5750_040800_040920.rttm,0.00,0.00,0.00,,0.00,,0.00,,0.00,
BER_6035_008160_008280.rttm,85.65,85.80,12.89,15.02,0.58,0.68,71.87,83.76,1.04,1.21
BER_6035_010680_010800.rttm,69.86,88.55,31.15,35.18,4.46,5.04,54.06,61.05,3.34,3.77
BER_6035_013920_014040.rttm,87.67,99.24,25.31,25.50,13.07,13.17,34.21,34.47,39.72,40.02
BER_6035_018600_018720.rttm,0.00,0.00,0.00,,0.00,,0.00,,0.00,
BER_6035_019380_019500.rttm,0.00,0.00,0.00,,0.00,,0.00,,0.00,
BER_6035_021240_021360.rttm,0.00,0.00,0.00,,0.00,,0.00,,0.00,
BER_6035_022140_022260.rttm,0.00,0.00,0.00,,0.00,,0.00,,0.00,
BER_6035_026940_027060.rttm,71.57,87.50,26.14,29.87,1.26,1.44,56.12,64.14,5.24,5.99
BER_6035_027780_027900.rttm,73.51,72.40,24.54,33.90,5.36,7.40,41.66,57.54,6.20,8.56
BER_6035_030300_030420.rttm,63.78,69.74,28.79,41.28,3.53,5.06,37.52,53.80,3.43,4.92
BER_6035_030840_030960.rttm,96.15,78.15,3.15,4.03,0.14,0.18,74.89,95.83,0.11,0.14
BER_6035_037980_038100.rttm,0.00,0.00,0.00,,0.00,,0.00,,0.00,
BER_6035_041460_041580.rttm,0.00,0.00,0.00,,0.00,,0.00,,0.00,
BER_6035_045540_045660.rttm,0.00,0.00,0.00,,0.00,,0.00,,0.00,
BER_6035_049440_049560.rttm,0.00,0.00,0.00,,0.00,,0.00,,0.00,
BER_7758_003780_003900.rttm,62.95,19.62,13.21,67.33,5.94,30.28,6.36,32.42,0.05,0.25
BER_7758_004740_004860.rttm,64.18,33.11,18.29,55.24,6.43,19.42,14.18,42.83,0.64,1.93
BER_7758_010440_010560.rttm,95.00,4.00,0.40,10.00,0.20,5.00,3.60,90.00,0.00,0.00
BER_7758_010740_010860.rttm,83.91,23.18,4.28,18.46,0.55,2.37,18.90,81.54,0.00,0.00
BER_7758_012180_012300.rttm,90.67,26.90,2.95,10.97,0.44,1.64,23.57,87.62,0.38,1.41
BER_7758_019140_019260.rttm,60.60,71.40,36.18,50.67,8.05,11.27,15.86,22.21,19.36,27.11
BER_7758_021540_021660.rttm,0.00,0.00,0.00,,0.00,,0.00,,0.00,
BER_7758_026700_026820.rttm,0.00,0.00,0.00,,0.00,,0.00,,0.00,
BER_7758_027600_027720.rttm,0.00,0.00,0.00,,0.00,,0.00,,0.00,
BER_7758_027960_028080.rttm,0.00,0.00,0.00,,0.00,,0.00,,0.00,
BER_7758_029940_030060.rttm,104.17,11.76,3.22,27.38,3.71,31.55,5.32,45.24,3.22,27.38
BER_7758_031380_031500.rttm,0.00,0.00,0.00,,0.00,,0.00,,0.00,
BER_7758_032520_032640.rttm,0.00,0.00,0.00,,0.00,,0.00,,0.00,
BER_7758_034260_034380.rttm,0.00,0.00,0.00,,0.00,,0.00,,0.00,
BER_7758_038460_038580.rttm,77.11,49.36,17.85,36.16,6.55,13.27,29.82,60.41,1.69,3.42
C01_20170706_002040_002100.rttm,73.63,32.50,9.91,30.49,1.34,4.12,19.64,60.43,2.95,9.08
C01_20170706_005640_005700.rttm,88.60,5.35,0.90,16.82,0.29,5.42,3.12,58.32,1.33,24.86
C01_20170706_009240_009300.rttm,411.01,3.18,0.86,27.04,10.75,338.05,2.32,72.96,0.00,0.00
C01_20170706_012840_012900.rttm,0.00,0.00,0.00,,0.00,,0.00,,0.00,
C01_20170706_016440_016500.rttm,100.00,5.22,0.00,0.00,0.00,0.00,5.22,100.00,0.00,0.00
C01_20170706_020040_020100.rttm,0.00,0.00,0.00,,0.00,,0.00,,0.00,
C01_20170706_023640_023700.rttm,122.50,3.60,0.00,0.00,0.81,22.50,3.60,100.00,0.00,0.00
C01_20170706_027240_027300.rttm,0.00,0.00,0.00,,0.00,,0.00,,0.00,
C01_20170706_030840_030900.rttm,0.00,0.00,0.00,,0.00,,0.00,,0.00,
C01_20170706_034440_034500.rttm,0.00,0.00,0.00,,0.00,,0.00,,0.00,
C01_20170706_038040_038100.rttm,100.00,0.00,0.00,,0.60,,0.00,,0.00,
C01_20170706_041640_041700.rttm,0.00,0.00,0.00,,0.00,,0.00,,0.00,
C01_20170706_045240_045300.rttm,0.00,0.00,0.00,,0.00,,0.00,,0.00,
C01_20170706_048840_048900.rttm,0.00,0.00,0.00,,0.00,,0.00,,0.00,
C01_20170706_052440_052500.rttm,116.14,17.41,6.14,35.27,8.95,51.41,6.44,36.99,4.83,27.74
C01_20170706_056040_056100.rttm,100.00,0.42,0.00,0.00,0.00,0.00,0.42,100.00,0.00,0.00
C01_20170718_002040_002100.rttm,90.31,17.64,4.90,27.78,3.19,18.08,10.41,59.01,2.33,13.21
C01_20170718_005640_005700.rttm,99.53,6.40,1.34,20.94,1.31,20.47,1.90,29.69,3.16,49.37
C01_20170718_009240_009300.rttm,65.83,25.87,10.97,42.40,2.13,8.23,12.81,49.52,2.09,8.08
C01_20170718_012840_012900.rttm,0.00,0.00,0.00,,0.00,,0.00,,0.00,
C01_20170718_016440_016500.rttm,120.74,8.97,1.58,17.61,3.44,38.35,6.50,72.46,0.89,9.92
C01_20170718_020040_020100.rttm,97.65,13.19,2.15,16.30,1.84,13.95,7.87,59.67,3.17,24.03
C01_20170718_023640_023700.rttm,100.12,16.32,2.57,15.75,2.59,15.87,4.70,28.80,9.05,55.45
C01_20170718_027240_027300.rttm,86.71,4.74,1.59,33.54,0.96,20.25,3.15,66.46,0.00,0.00
C01_20170718_030840_030900.rttm,100.00,0.00,0.00,,2.60,,0.00,,0.00,
C01_20170718_034440_034500.rttm,51.55,32.84,19.19,58.43,3.28,9.99,11.67,35.54,1.98,6.03
C01_20170718_038040_038100.rttm,183.93,9.15,6.67,72.90,14.35,156.83,2.00,21.86,0.48,5.25
C01_20170718_041640_041700.rttm,93.80,16.44,1.45,8.82,0.43,2.62,14.26,86.74,0.73,4.44
C04_20170707_002040_002100.rttm,50.87,33.42,18.07,54.07,1.65,4.94,12.92,38.66,2.43,7.27
C04_20170707_005640_005700.rttm,78.15,4.21,1.06,25.18,0.14,3.33,3.15,74.82,0.00,0.00
C04_20170707_009240_009300.rttm,66.78,28.81,13.94,48.39,4.37,15.17,7.75,26.90,7.12,24.71
C04_20170707_012840_012900.rttm,81.10,23.81,6.24,26.21,1.74,7.31,13.95,58.59,3.62,15.20
C04_20170707_016440_016500.rttm,75.82,39.04,10.48,26.84,1.04,2.66,14.09,36.09,14.47,37.06
C04_20170707_020040_020100.rttm,100.00,7.00,0.00,0.00,0.00,0.00,7.00,100.00,0.00,0.00
C04_20170707_023640_023700.rttm,0.00,0.00,0.00,,0.00,,0.00,,0.00,
C04_20170707_027240_027300.rttm,83.71,38.18,11.42,29.91,5.20,13.62,10.19,26.69,16.57,43.40
C04_20170707_030840_030900.rttm,97.90,11.89,5.03,42.30,4.78,40.20,6.86,57.70,0.00,0.00
C04_20170707_034440_034500.rttm,79.06,30.99,12.01,38.75,5.52,17.81,11.62,37.50,7.36,23.75
C04_20170707_038040_038100.rttm,72.62,9.97,3.22,32.30,0.49,4.91,4.56,45.74,2.19,21.97
C04_20170707_041640_041700.rttm,88.62,1.67,0.76,45.51,0.57,34.13,0.91,54.49,0.00,0.00
C04_20170707_045240_045300.rttm,100.00,2.52,0.00,0.00,0.00,0.00,2.52,100.00,0.00,0.00
C04_20170707_048840_048900.rttm,0.00,0.00,0.00,,0.00,,0.00,,0.00,
C04_20170707_052440_052500.rttm,0.00,0.00,0.00,,0.00,,0.00,,0.00,
C04_20170707_056040_056100.rttm,0.00,0.00,0.00,,0.00,,0.00,,0.00,
C09_20170708_002040_002100.rttm,91.95,5.59,2.16,38.64,1.71,30.59,3.43,61.36,0.00,0.00
C09_20170708_005640_005700.rttm,70.83,15.84,6.12,38.64,1.50,9.47,9.72,61.36,0.00,0.00
C09_20170708_009240_009300.rttm,99.85,13.69,5.83,42.59,5.81,42.44,5.77,42.15,2.09,15.27
C09_20170708_012840_012900.rttm,92.63,24.28,7.38,30.40,5.59,23.02,6.82,28.09,10.08,41.52
C09_20170708_016440_016500.rttm,66.03,6.33,3.20,50.55,1.05,16.59,2.67,42.18,0.46,7.27
C09_20170708_020040_020100.rttm,68.23,32.04,12.81,39.98,2.63,8.21,19.23,60.02,0.00,0.00
C09_20170708_023640_023700.rttm,100.00,0.00,0.00,,0.73,,0.00,,0.00,
C09_20170708_027240_027300.rttm,55.96,32.11,16.82,52.38,2.68,8.35,10.88,33.88,4.41,13.73
C09_20170708_030840_030900.rttm,0.00,0.00,0.00,,0.00,,0.00,,0.00,
C09_20170708_034440_034500.rttm,0.00,0.00,0.00,,0.00,,0.00,,0.00,
C09_20170708_038040_038100.rttm,0.00,0.00,0.00,,0.00,,0.00,,0.00,
C09_20170708_041640_041700.rttm,0.00,0.00,0.00,,0.00,,0.00,,0.00,
C10_20170709_002040_002100.rttm,129.23,23.50,7.55,32.13,14.42,61.36,11.38,48.43,4.57,19.45
C10_20170709_005640_005700.rttm,100.00,0.00,0.00,,1.03,,0.00,,0.00,
C10_20170709_009240_009300.rttm,62.58,22.18,11.27,50.81,2.97,13.39,6.49,29.26,4.42,19.93
C10_20170709_012840_012900.rttm,117.85,23.87,3.58,15.00,7.84,32.84,19.70,82.53,0.59,2.47
C10_20170709_016440_016500.rttm,128.76,13.56,0.01,0.07,3.91,28.83,3.48,25.66,10.07,74.26
C10_20170709_020040_020100.rttm,65.38,34.26,16.06,46.88,4.20,12.26,12.51,36.51,5.69,16.61
C10_20170709_023640_023700.rttm,161.31,12.95,2.22,17.14,10.16,78.46,7.98,61.62,2.75,21.24
C10_20170709_027240_027300.rttm,79.33,27.28,11.41,41.83,5.77,21.15,13.77,50.48,2.10,7.70
C10_20170709_030840_030900.rttm,125.58,0.86,0.68,79.07,0.90,104.65,0.18,20.93,0.00,0.00
C10_20170709_034440_034500.rttm,72.48,19.33,11.00,56.91,5.68,29.38,6.06,31.35,2.27,11.74
C10_20170709_038040_038100.rttm,35.06,51.17,37.62,73.52,4.39,8.58,9.47,18.51,4.08,7.97
C10_20170709_041640_041700.rttm,0.00,0.00,0.00,,0.00,,0.00,,0.00,
C10_20170709_045240_045300.rttm,0.00,0.00,0.00,,0.00,,0.00,,0.00,
C10_20170709_048840_048900.rttm,0.00,0.00,0.00,,0.00,,0.00,,0.00,
C10_20170709_052440_052500.rttm,100.00,11.29,0.00,0.00,0.00,0.00,11.29,100.00,0.00,0.00
C11_20170709_002040_002100.rttm,68.04,42.11,23.46,55.71,10.00,23.75,8.70,20.66,9.95,23.63
C11_20170709_005640_005700.rttm,0.00,0.00,0.00,,0.00,,0.00,,0.00,
C11_20170709_009240_009300.rttm,0.00,0.00,0.00,,0.00,,0.00,,0.00,
C11_20170709_012840_012900.rttm,0.00,0.00,0.00,,0.00,,0.00,,0.00,
C11_20170709_016440_016500.rttm,118.43,19.75,6.61,33.47,10.25,51.90,5.80,29.37,7.34,37.16
C11_20170709_020040_020100.rttm,87.62,16.16,3.44,21.29,1.44,8.91,9.01,55.75,3.71,22.96
C11_20170709_023640_023700.rttm,79.17,20.69,6.74,32.58,2.43,11.74,10.97,53.02,2.98,14.40
C11_20170709_027240_027300.rttm,93.17,30.89,8.06,26.09,5.95,19.26,6.74,21.82,16.09,52.09
C11_20170709_030840_030900.rttm,100.33,27.48,2.37,8.62,2.46,8.95,8.96,32.61,16.15,58.77
C11_20170709_034440_034500.rttm,95.05,26.07,15.56,59.69,14.27,54.74,5.67,21.75,4.84,18.57
C11_20170709_038040_038100.rttm,99.14,13.97,5.21,37.29,5.09,36.44,7.89,56.48,0.87,6.23
C11_20170709_041640_041700.rttm,100.00,0.00,0.00,,10.85,,0.00,,0.00,
C11_20170709_045240_045300.rttm,51.79,1.68,0.81,48.21,0.00,0.00,0.87,51.79,0.00,0.00
C11_20170709_048840_048900.rttm,0.00,0.00,0.00,,0.00,,0.00,,0.00,
C11_20170718_002040_002100.rttm,31.58,1.14,0.78,68.42,0.00,0.00,0.36,31.58,0.00,0.00
C11_20170718_005640_005700.rttm,100.32,24.79,0.00,0.00,0.08,0.32,24.06,97.06,0.73,2.94
C11_20170718_009240_009300.rttm,100.00,0.00,0.00,,1.00,,0.00,,0.00,
C11_20170718_012840_012900.rttm,0.00,0.00,0.00,,0.00,,0.00,,0.00,
C11_20170718_016440_016500.rttm,0.00,0.00,0.00,,0.00,,0.00,,0.00,
C11_20170718_020040_020100.rttm,0.00,0.00,0.00,,0.00,,0.00,,0.00,
C11_20170718_023640_023700.rttm,0.00,0.00,0.00,,0.00,,0.00,,0.00,
C11_20170718_027240_027300.rttm,0.00,0.00,0.00,,0.00,,0.00,,0.00,
C11_20170718_030840_030900.rttm,0.00,0.00,0.00,,0.00,,0.00,,0.00,
C11_20170718_034440_034500.rttm,0.00,0.00,0.00,,0.00,,0.00,,0.00,
C11_20170718_038040_038100.rttm,0.00,0.00,0.00,,0.00,,0.00,,0.00,
C11_20170718_041640_041700.rttm,0.00,0.00,0.00,,0.00,,0.00,,0.00,
C11_20170718_045240_045300.rttm,0.00,0.00,0.00,,0.00,,0.00,,0.00,
C11_20170718_048840_048900.rttm,94.37,14.74,5.06,34.33,4.23,28.70,9.68,65.67,0.00,0.00
C11_20170718_052440_052500.rttm,58.65,31.51,16.19,51.38,3.16,10.03,13.67,43.38,1.65,5.24
C11_20170718_056040_056100.rttm,106.66,13.96,1.04,7.45,1.97,14.11,9.36,67.05,3.56,25.50
C12_20170709_002040_002100.rttm,71.63,7.19,3.34,46.45,1.30,18.08,3.85,53.55,0.00,0.00
C12_20170709_005640_005700.rttm,73.09,36.53,11.00,30.11,1.17,3.20,14.89,40.76,10.64,29.13
C12_20170709_009240_009300.rttm,98.51,22.11,1.23,5.56,0.90,4.07,18.61,84.17,2.27,10.27
C12_20170709_012840_012900.rttm,41.37,30.31,19.63,64.76,1.86,6.14,7.93,26.16,2.75,9.07
C12_20170709_016440_016500.rttm,93.35,31.87,6.46,20.27,4.34,13.62,20.15,63.23,5.26,16.50
C12_20170709_020040_020100.rttm,104.80,10.41,1.72,16.52,2.22,21.33,3.73,35.83,4.96,47.65
C12_20170709_023640_023700.rttm,68.47,8.50,3.01,35.41,0.33,3.88,4.17,49.06,1.32,15.53
C12_20170709_027240_027300.rttm,38.79,32.79,21.74,66.30,1.67,5.09,8.04,24.52,3.01,9.18
C12_20170709_030840_030900.rttm,102.04,16.16,1.91,11.82,2.24,13.86,8.98,55.57,5.27,32.61
C12_20170709_034440_034500.rttm,65.81,20.56,9.94,48.35,2.91,14.15,8.71,42.36,1.91,9.29
C12_20170709_038040_038100.rttm,105.94,18.34,6.89,37.57,7.98,43.51,7.40,40.35,4.05,22.08
C12_20170709_041640_041700.rttm,100.99,13.17,0.00,0.00,0.13,0.99,11.19,84.97,1.98,15.03
C15_20170710_002040_002100.rttm,109.68,23.65,3.65,15.43,5.94,25.12,12.66,53.53,7.34,31.04
C15_20170710_005640_005700.rttm,104.21,29.00,4.02,13.86,5.24,18.07,17.89,61.69,7.09,24.45
C15_20170710_009240_009300.rttm,69.77,24.78,7.81,31.52,0.32,1.29,16.29,65.74,0.68,2.74
C16_20170710_002040_002100.rttm,79.81,29.32,10.94,37.31,5.02,17.12,10.97,37.41,7.41,25.27
C16_20170710_005640_005700.rttm,95.66,17.51,3.22,18.39,2.46,14.05,9.35,53.40,4.94,28.21
C16_20170710_009240_009300.rttm,48.70,28.07,17.76,63.27,3.36,11.97,9.34,33.27,0.97,3.46
C16_20170710_012840_012900.rttm,86.96,30.97,4.86,15.69,0.82,2.65,25.64,82.79,0.47,1.52
C16_20170710_016440_016500.rttm,96.03,1.51,0.76,50.33,0.70,46.36,0.75,49.67,0.00,0.00
C16_20170710_020040_020100.rttm,87.66,28.03,6.77,24.15,3.31,11.81,18.02,64.29,3.24,11.56
C16_20170710_023640_023700.rttm,42.70,25.97,16.58,63.84,1.70,6.55,9.07,34.92,0.32,1.23
C16_20170710_027240_027300.rttm,213.67,7.83,3.99,50.96,12.89,164.62,3.84,49.04,0.00,0.00
C16_20170710_030840_030900.rttm,306.92,4.77,3.53,74.00,13.40,280.92,1.24,26.00,0.00,0.00
C18_20170711_002040_002100.rttm,104.04,29.19,5.54,18.98,6.72,23.02,18.85,64.58,4.80,16.44
C18_20170711_005640_005700.rttm,64.67,12.51,5.14,41.09,0.72,5.76,5.03,40.21,2.34,18.71
C18_20170711_009240_009300.rttm,78.93,25.87,5.95,23.00,0.50,1.93,19.68,76.07,0.24,0.93
C18_20170711_012840_012900.rttm,83.83,26.40,11.69,44.28,7.42,28.11,7.58,28.71,7.13,27.01
C18_20170711_016440_016500.rttm,112.44,18.08,9.63,53.26,11.88,65.71,6.52,36.06,1.93,10.67
C18_20170711_020040_020100.rttm,67.73,43.51,16.70,38.38,2.66,6.11,21.71,49.90,5.10,11.72
C18_20170711_023640_023700.rttm,75.57,34.71,19.91,57.36,11.43,32.93,12.61,36.33,2.19,6.31
C18_20170711_027240_027300.rttm,90.62,14.72,6.23,42.32,4.85,32.95,6.21,42.19,2.28,15.49
C18_20170711_030840_030900.rttm,59.86,19.21,10.05,52.32,2.34,12.18,8.19,42.63,0.97,5.05
C18_20170711_034440_034500.rttm,71.76,16.29,6.90,42.36,2.30,14.12,9.39,57.64,0.00,0.00
C18_20170711_038040_038100.rttm,0.00,0.00,0.00,,0.00,,0.00,,0.00,
C18_20170711_041640_041700.rttm,0.00,0.00,0.00,,0.00,,0.00,,0.00,
C18_20170711_045240_045300.rttm,100.00,0.66,0.00,0.00,0.00,0.00,0.66,100.00,0.00,0.00
C18_20170711_048840_048900.rttm,0.00,0.00,0.00,,0.00,,0.00,,0.00,
C18_20170711_052440_052500.rttm,0.00,0.00,0.00,,0.00,,0.00,,0.00,
C18_20170711_056040_056100.rttm,0.00,0.00,0.00,,0.00,,0.00,,0.00,
C18_20170718_002040_002100.rttm,113.07,12.85,0.00,0.00,1.68,13.07,9.31,72.45,3.54,27.55
C18_20170718_005640_005700.rttm,0.00,0.00,0.00,,0.00,,0.00,,0.00,
C18_20170718_009240_009300.rttm,0.00,0.00,0.00,,0.00,,0.00,,0.00,
C18_20170718_012840_012900.rttm,0.00,0.00,0.00,,0.00,,0.00,,0.00,
C18_20170718_016440_016500.rttm,0.00,0.00,0.00,,0.00,,0.00,,0.00,
C18_20170718_020040_020100.rttm,0.00,0.00,0.00,,0.00,,0.00,,0.00,
C18_20170718_023640_023700.rttm,0.00,0.00,0.00,,0.00,,0.00,,0.00,
C18_20170718_027240_027300.rttm,0.00,0.00,0.00,,0.00,,0.00,,0.00,
C18_20170718_030840_030900.rttm,100.00,0.00,0.00,,0.60,,0.00,,0.00,
C18_20170718_034440_034500.rttm,0.00,0.00,0.00,,0.00,,0.00,,0.00,
C18_20170718_038040_038100.rttm,0.00,0.00,0.00,,0.00,,0.00,,0.00,
C18_20170718_041640_041700.rttm,0.00,0.00,0.00,,0.00,,0.00,,0.00,
C18_20170718_045240_045300.rttm,99.80,34.71,3.93,11.32,3.86,11.12,13.00,37.45,17.78,51.22
C18_20170718_048840_048900.rttm,66.62,36.79,15.96,43.38,3.68,10.00,9.70,26.37,11.13,30.25
C18_20170718_052440_052500.rttm,81.07,34.92,17.12,49.03,10.51,30.10,11.46,32.82,6.34,18.16
C18_20170718_056040_056100.rttm,100.00,12.08,0.91,7.53,0.91,7.53,11.17,92.47,0.00,0.00
C20_20170711_002040_002100.rttm,85.15,36.15,9.34,25.84,3.97,10.98,19.98,55.27,6.83,18.89
C20_20170711_005640_005700.rttm,64.45,24.98,10.41,41.67,1.53,6.12,13.11,52.48,1.46,5.84
C20_20170711_009240_009300.rttm,102.64,37.49,12.97,34.60,13.96,37.24,18.02,48.07,6.50,17.34
C20_20170711_012840_012900.rttm,61.62,26.99,13.66,50.61,3.30,12.23,12.41,45.98,0.92,3.41
C20_20170711_016440_016500.rttm,100.44,13.73,0.00,0.00,0.06,0.44,10.99,80.04,2.74,19.96
C20_20170711_020040_020100.rttm,76.53,39.50,9.89,25.04,0.62,1.57,27.44,69.47,2.17,5.49
C20_20170711_023640_023700.rttm,90.13,27.14,3.05,11.24,0.37,1.36,22.70,83.64,1.39,5.12
C20_20170711_027240_027300.rttm,142.69,6.84,4.05,59.21,6.97,101.90,2.12,30.99,0.67,9.80
C20_20170711_030840_030900.rttm,117.72,9.14,1.03,11.27,2.65,28.99,5.60,61.27,2.51,27.46
C20_20170711_034440_034500.rttm,100.92,5.45,0.00,0.00,0.05,0.92,4.89,89.72,0.56,10.28
C20_20170711_038040_038100.rttm,101.58,18.37,2.29,12.47,2.58,14.04,13.96,75.99,2.12,11.54
C20_20170711_041640_041700.rttm,100.00,0.00,0.00,,2.73,,0.00,,0.00,
C20_20170711_045240_045300.rttm,0.00,0.00,0.00,,0.00,,0.00,,0.00,
C20_20170711_048840_048900.rttm,0.00,0.00,0.00,,0.00,,0.00,,0.00,
C20_20170711_052440_052500.rttm,0.00,0.00,0.00,,0.00,,0.00,,0.00,
C22_20170717_002040_002100.rttm,93.57,31.40,3.50,11.15,1.48,4.71,25.90,82.48,2.00,6.37
C22_20170717_005640_005700.rttm,75.91,14.32,9.72,67.88,6.27,43.78,2.60,18.16,2.00,13.97
C22_20170717_009240_009300.rttm,100.00,0.00,0.00,,0.81,,0.00,,0.00,
C22_20170717_012840_012900.rttm,0.00,0.00,0.00,,0.00,,0.00,,0.00,
C22_20170717_016440_016500.rttm,0.00,0.00,0.00,,0.00,,0.00,,0.00,
C22_20170717_020040_020100.rttm,0.00,0.00,0.00,,0.00,,0.00,,0.00,
C22_20170717_023640_023700.rttm,0.00,0.00,0.00,,0.00,,0.00,,0.00,
C22_20170717_027240_027300.rttm,0.00,0.00,0.00,,0.00,,0.00,,0.00,
C22_20170717_030840_030900.rttm,0.00,0.00,0.00,,0.00,,0.00,,0.00,
C22_20170717_034440_034500.rttm,0.00,0.00,0.00,,0.00,,0.00,,0.00,
C22_20170717_038040_038100.rttm,0.00,0.00,0.00,,0.00,,0.00,,0.00,
C22_20170717_041640_041700.rttm,0.00,0.00,0.00,,0.00,,0.00,,0.00,
C22_20170717_045240_045300.rttm,96.14,12.43,2.01,16.17,1.53,12.31,6.50,52.29,3.92,31.54
C22_20170717_048840_048900.rttm,52.37,21.54,11.76,54.60,1.50,6.96,7.56,35.10,2.22,10.31
C22_20170717_052440_052500.rttm,55.79,18.91,10.13,53.57,1.77,9.36,5.45,28.82,3.33,17.61
C22_20170717_056040_056100.rttm,47.14,31.63,17.33,54.79,0.61,1.93,14.14,44.70,0.16,0.51
C24_20170712_002040_002100.rttm,87.66,22.29,7.86,35.26,5.11,22.93,11.31,50.74,3.12,14.00
C24_20170712_005640_005700.rttm,0.00,0.00,0.00,,0.00,,0.00,,0.00,
C24_20170712_009240_009300.rttm,100.00,0.00,0.00,,1.23,,0.00,,0.00,
C24_20170712_012840_012900.rttm,152.63,1.14,0.00,0.00,0.60,52.63,1.14,100.00,0.00,0.00
C24_20170712_016440_016500.rttm,582.01,4.17,0.46,11.03,20.56,493.05,1.17,28.06,2.54,60.91
C24_20170712_020040_020100.rttm,114.77,10.36,3.01,29.05,4.54,43.82,4.32,41.70,3.03,29.25
C24_20170712_023640_023700.rttm,57.22,50.54,22.80,45.11,1.18,2.33,14.68,29.05,13.06,25.84
C24_20170712_027240_027300.rttm,77.53,20.34,6.65,32.69,2.08,10.23,8.37,41.15,5.32,26.16
C24_20170712_030840_030900.rttm,0.00,0.00,0.00,,0.00,,0.00,,0.00,
C24_20170712_034440_034500.rttm,100.00,0.00,0.00,,0.13,,0.00,,0.00,
C24_20170712_038040_038100.rttm,64.67,7.50,2.77,36.93,0.12,1.60,3.65,48.67,1.08,14.40
C24_20170712_041640_041700.rttm,481.19,4.52,0.00,0.00,17.23,381.19,3.68,81.42,0.84,18.58
C24_20170719_002040_002100.rttm,91.71,19.66,8.76,44.56,7.13,36.27,6.13,31.18,4.77,24.26
C24_20170719_005640_005700.rttm,54.44,23.09,12.50,54.14,1.98,8.58,5.22,22.61,5.37,23.26
C24_20170719_009240_009300.rttm,206.52,4.45,2.80,62.92,7.54,169.44,1.65,37.08,0.00,0.00
C24_20170719_012840_012900.rttm,100.00,0.00,0.00,,0.62,,0.00,,0.00,
C24_20170719_016440_016500.rttm,78.16,7.83,2.08,26.56,0.37,4.73,1.11,14.18,4.64,59.26
C24_20170719_020040_020100.rttm,123.91,29.95,6.74,22.50,13.90,46.41,13.17,43.97,10.04,33.52
C24_20170719_023640_023700.rttm,92.28,23.57,2.76,11.71,0.94,3.99,18.45,78.28,2.36,10.01
C24_20170719_027240_027300.rttm,69.46,21.68,8.09,37.32,1.47,6.78,11.70,53.97,1.89,8.72
C24_20170719_030840_030900.rttm,75.26,25.83,7.42,28.73,1.03,3.99,16.08,62.25,2.33,9.02
C24_20170719_034440_034500.rttm,67.57,15.94,6.12,38.39,0.95,5.96,9.82,61.61,0.00,0.00
C24_20170719_038040_038100.rttm,0.00,0.00,0.00,,0.00,,0.00,,0.00,
C24_20170719_041640_041700.rttm,0.00,0.00,0.00,,0.00,,0.00,,0.00,
C24_20170719_045240_045300.rttm,100.00,0.00,0.00,,0.60,,0.00,,0.00,
C24_20170719_048840_048900.rttm,0.00,0.00,0.00,,0.00,,0.00,,0.00,
C25_20170719_002040_002100.rttm,76.46,23.15,8.13,35.12,2.68,11.58,12.35,53.35,2.67,11.53
C25_20170719_005640_005700.rttm,243.23,5.02,0.70,13.94,7.89,157.17,4.32,86.06,0.00,0.00
C25_20170719_009240_009300.rttm,47.30,12.20,7.22,59.18,0.79,6.48,4.07,33.36,0.91,7.46
C25_20170719_012840_012900.rttm,67.25,25.19,9.65,38.31,1.40,5.56,12.32,48.91,3.22,12.78
C25_20170719_016440_016500.rttm,22.69,54.87,47.28,86.17,4.86,8.86,5.19,9.46,2.40,4.37
C25_20170719_020040_020100.rttm,139.41,15.20,4.17,27.43,10.16,66.84,9.60,63.16,1.43,9.41
C25_20170719_023640_023700.rttm,77.95,47.07,19.29,40.98,8.91,18.93,22.07,46.89,5.71,12.13
C25_20170719_027240_027300.rttm,102.08,32.25,11.30,35.04,11.97,37.12,15.85,49.15,5.10,15.81
C25_20170719_030840_030900.rttm,84.75,30.55,18.54,60.69,13.88,45.43,6.12,20.03,5.89,19.28
C25_20170719_034440_034500.rttm,0.00,0.00,0.00,,0.00,,0.00,,0.00,
C25_20170719_038040_038100.rttm,100.00,0.00,0.00,,2.64,,0.00,,0.00,
C25_20170719_041640_041700.rttm,0.00,0.00,0.00,,0.00,,0.00,,0.00,
C25_20170719_045240_045300.rttm,100.00,0.00,0.00,,1.62,,0.00,,0.00,
C25_20170719_048840_048900.rttm,249.01,1.51,0.00,0.00,2.25,149.01,1.51,100.00,0.00,0.00
C25_20170719_052440_052500.rttm,0.00,0.00,0.00,,0.00,,0.00,,0.00,
C25_20170719_056040_056100.rttm,61.92,26.29,19.70,74.93,9.69,36.86,5.43,20.65,1.16,4.41
ROW_1156_001980_002100.rttm,58.43,87.99,46.27,52.59,9.69,11.01,27.87,31.67,13.85,15.74
ROW_1156_010140_010260.rttm,48.16,83.86,51.46,61.36,7.99,9.53,23.97,28.58,8.43,10.05
ROW_1156_011580_011700.rttm,43.08,74.25,51.46,69.31,9.20,12.39,18.94,25.51,3.85,5.19
ROW_1156_013140_013260.rttm,50.91,116.14,63.41,54.60,6.40,5.51,44.85,38.62,7.88,6.78
ROW_1156_019680_019800.rttm,80.23,62.82,16.33,25.99,3.91,6.22,44.54,70.90,1.95,3.10
ROW_1156_022260_022380.rttm,64.53,33.07,15.56,47.05,3.83,11.58,13.61,41.16,3.90,11.79
ROW_1156_025800_025920.rttm,80.52,32.70,8.83,27.00,2.46,7.52,23.87,73.00,0.00,0.00
ROW_1156_034500_034620.rttm,79.21,71.86,18.05,25.12,3.11,4.33,44.83,62.39,8.98,12.50
ROW_1156_034860_034980.rttm,86.78,72.60,15.77,21.72,6.17,8.50,55.39,76.29,1.44,1.98
ROW_1156_038220_038340.rttm,74.45,54.17,19.42,35.85,5.58,10.30,21.94,40.50,12.81,23.65
ROW_1156_040020_040140.rttm,0.00,0.00,0.00,,0.00,,0.00,,0.00,
ROW_1156_043020_043140.rttm,0.00,0.00,0.00,,0.00,,0.00,,0.00,
ROW_1156_046020_046140.rttm,0.00,0.00,0.00,,0.00,,0.00,,0.00,
ROW_1156_048600_048720.rttm,0.00,0.00,0.00,,0.00,,0.00,,0.00,
ROW_1156_054300_054420.rttm,0.00,0.00,0.00,,0.00,,0.00,,0.00,
ROW_1735_001920_002040.rttm,66.72,47.03,26.49,56.33,10.84,23.05,16.59,35.28,3.95,8.40
ROW_1735_010020_010140.rttm,54.78,14.13,10.96,77.57,4.57,32.34,2.80,19.82,0.37,2.62
ROW_1735_015060_015180.rttm,67.55,84.47,35.27,41.75,7.86,9.31,37.17,44.00,12.03,14.24
ROW_1735_016800_016920.rttm,159.51,22.82,7.37,32.30,20.95,91.81,10.07,44.13,5.38,23.58
ROW_1735_017160_017280.rttm,148.35,19.44,12.31,63.32,21.71,111.68,5.54,28.50,1.59,8.18
ROW_1735_021480_021600.rttm,77.61,45.78,11.84,25.86,1.59,3.47,32.21,70.36,1.73,3.78
ROW_1735_030120_030240.rttm,62.68,12.03,5.72,47.55,1.23,10.22,4.76,39.57,1.55,12.88
ROW_1735_031260_031380.rttm,59.63,66.21,37.63,56.83,10.90,16.46,14.79,22.34,13.79,20.83
ROW_1735_032340_032460.rttm,59.86,56.62,38.64,68.24,15.91,28.10,14.33,25.31,3.65,6.45
ROW_1735_039120_039240.rttm,89.80,53.35,9.76,18.29,4.32,8.10,16.74,31.38,26.85,50.33
ROW_1735_040620_040740.rttm,57.90,82.06,42.51,51.80,7.96,9.70,26.96,32.85,12.59,15.34
ROW_1735_041520_041640.rttm,115.88,4.22,0.00,0.00,0.67,15.88,0.46,10.90,3.76,89.10
ROW_1735_044820_044940.rttm,0.00,0.00,0.00,,0.00,,0.00,,0.00,
ROW_1735_047580_047700.rttm,0.00,0.00,0.00,,0.00,,0.00,,0.00,
ROW_1735_050460_050580.rttm,0.00,0.00,0.00,,0.00,,0.00,,0.00,
ROW_1768_008100_008220.rttm,71.10,71.39,28.28,39.61,7.65,10.72,34.26,47.99,8.85,12.40
ROW_1768_009180_009300.rttm,55.82,39.36,27.54,69.97,10.15,25.79,10.54,26.78,1.28,3.25
ROW_1768_014220_014340.rttm,56.19,85.49,46.64,54.56,9.19,10.75,37.11,43.41,1.74,2.04
ROW_1768_016920_017040.rttm,86.03,66.19,21.06,31.82,11.81,17.84,39.27,59.33,5.86,8.85
ROW_1768_022440_022560.rttm,77.21,41.64,16.72,40.15,7.23,17.36,19.65,47.19,5.27,12.66
ROW_1768_023040_023160.rttm,76.09,15.56,7.74,49.74,4.02,25.84,7.82,50.26,0.00,0.00
ROW_1768_023400_023520.rttm,94.18,17.19,2.57,14.95,1.57,9.13,12.65,73.59,1.97,11.46
ROW_1768_030000_030120.rttm,71.30,14.98,9.93,66.29,5.63,37.58,1.34,8.95,3.71,24.77
ROW_1768_030300_030420.rttm,152.35,16.37,4.14,25.29,12.71,77.64,11.39,69.58,0.84,5.13
ROW_1768_032580_032700.rttm,72.56,51.34,23.59,45.95,9.50,18.50,17.39,33.87,10.36,20.18
ROW_1768_033540_033660.rttm,87.00,44.07,20.80,47.20,15.07,34.20,16.13,36.60,7.14,16.20
ROW_1768_034620_034740.rttm,100.00,12.15,0.00,0.00,0.00,0.00,12.15,100.00,0.00,0.00
ROW_1768_035220_035340.rttm,34.77,61.81,53.14,85.97,12.82,20.74,4.69,7.59,3.98,6.44
ROW_1768_036720_036840.rttm,0.00,0.00,0.00,,0.00,,0.00,,0.00,
ROW_1768_044340_044460.rttm,0.00,0.00,0.00,,0.00,,0.00,,0.00,
ROW_2745_007200_007320.rttm,87.48,30.42,11.64,38.26,7.83,25.74,13.80,45.36,4.98,16.37
ROW_2745_014700_014820.rttm,82.15,25.88,17.04,65.84,12.42,47.99,6.06,23.42,2.78,10.74
ROW_2745_017940_018060.rttm,96.17,11.75,2.72,23.15,2.27,19.32,8.25,70.21,0.78,6.64
ROW_2745_020160_020280.rttm,98.57,4.88,0.34,6.97,0.27,5.53,4.54,93.03,0.00,0.00
ROW_2745_023760_023880.rttm,0.00,0.00,0.00,,0.00,,0.00,,0.00,
ROW_2745_026760_026880.rttm,100.00,0.00,0.00,,5.39,,0.00,,0.00,
ROW_2745_031260_031380.rttm,78.14,2.47,0.77,31.17,0.23,9.31,1.70,68.83,0.00,0.00
ROW_2745_033360_033480.rttm,119.80,10.91,5.16,47.30,7.32,67.09,5.27,48.30,0.48,4.40
ROW_2745_033720_033840.rttm,65.54,7.37,3.99,54.14,1.45,19.67,2.89,39.21,0.49,6.65
ROW_2745_033960_034080.rttm,75.57,20.14,9.82,48.76,4.90,24.33,9.06,44.99,1.26,6.26
ROW_2745_034980_035100.rttm,180.31,6.50,3.55,54.62,8.77,134.92,1.70,26.15,1.25,19.23
ROW_2745_039900_040020.rttm,66.11,53.94,31.85,59.05,13.57,25.16,17.02,31.55,5.07,9.40
ROW_2745_040800_040920.rttm,63.28,36.22,19.43,53.64,6.13,16.92,16.79,46.36,0.00,0.00
ROW_2745_044160_044280.rttm,110.87,5.61,0.00,0.00,0.61,10.87,5.61,100.00,0.00,0.00
ROW_2745_053040_053160.rttm,0.00,0.00,0.00,,0.00,,0.00,,0.00,
ROW_3486_008160_008280.rttm,46.99,2.66,2.33,87.59,0.92,34.59,0.33,12.41,0.00,0.00
ROW_3486_010620_010740.rttm,60.34,31.54,22.53,71.43,10.02,31.77,3.39,10.75,5.62,17.82
ROW_3486_022380_022500.rttm,62.81,61.77,32.62,52.81,9.65,15.62,25.93,41.98,3.22,5.21
ROW_3486_026400_026520.rttm,67.96,52.41,23.10,44.08,6.31,12.04,22.45,42.84,6.86,13.09
ROW_3486_027960_028080.rttm,48.31,40.51,30.38,74.99,9.44,23.30,8.37,20.66,1.76,4.34
ROW_3486_030660_030780.rttm,67.86,19.63,10.92,55.63,4.61,23.48,5.97,30.41,2.74,13.96
ROW_3486_033060_033180.rttm,391.10,14.60,4.65,31.85,47.15,322.95,7.30,50.00,2.65,18.15
ROW_3486_039660_039780.rttm,0.00,0.00,0.00,,0.00,,0.00,,0.00,
ROW_3486_041460_041580.rttm,0.00,0.00,0.00,,0.00,,0.00,,0.00,
ROW_3486_047220_047340.rttm,0.00,0.00,0.00,,0.00,,0.00,,0.00,
ROW_3486_049500_049620.rttm,0.00,0.00,0.00,,0.00,,0.00,,0.00,
ROW_3486_050040_050160.rttm,0.00,0.00,0.00,,0.00,,0.00,,0.00,
ROW_3486_050400_050520.rttm,0.00,0.00,0.00,,0.00,,0.00,,0.00,
ROW_3486_050940_051060.rttm,0.00,0.00,0.00,,0.00,,0.00,,0.00,
ROW_3486_051300_051420.rttm,0.00,0.00,0.00,,0.00,,0.00,,0.00,
ROW_7798_009660_009780.rttm,76.38,19.56,7.48,38.24,2.86,14.62,10.05,51.38,2.03,10.38
ROW_7798_012420_012540.rttm,0.00,0.00,0.00,,0.00,,0.00,,0.00,
ROW_7798_013800_013920.rttm,0.00,0.00,0.00,,0.00,,0.00,,0.00,
ROW_7798_014400_014520.rttm,0.00,0.00,0.00,,0.00,,0.00,,0.00,
ROW_7798_017580_017700.rttm,77.56,11.90,3.93,33.03,1.26,10.59,7.97,66.97,0.00,0.00
ROW_7798_017880_018000.rttm,74.94,101.65,30.28,29.79,4.81,4.73,58.92,57.96,12.45,12.25
ROW_7798_019560_019680.rttm,86.70,84.99,21.07,24.79,9.77,11.50,55.54,65.35,8.38,9.86
ROW_7798_030780_030900.rttm,55.46,101.74,51.93,51.04,6.61,6.50,41.01,40.31,8.80,8.65
ROW_7798_033240_033360.rttm,55.33,101.51,56.27,55.43,10.93,10.77,33.36,32.86,11.88,11.70
ROW_7798_037020_037140.rttm,0.00,0.00,0.00,,0.00,,0.00,,0.00,
ROW_7798_040380_040500.rttm,92.07,93.67,8.67,9.26,1.24,1.32,83.79,89.45,1.21,1.29
ROW_7798_044580_044700.rttm,68.52,48.28,26.92,55.76,11.72,24.28,11.92,24.69,9.44,19.55
ROW_7798_050580_050700.rttm,80.96,47.28,13.47,28.49,4.47,9.45,28.51,60.30,5.30,11.21
ROW_7798_051420_051540.rttm,0.00,0.00,0.00,,0.00,,0.00,,0.00,
ROW_7798_056220_056340.rttm,0.00,0.00,0.00,,0.00,,0.00,,0.00,
ROW_8357_002820_002940.rttm,86.09,27.46,7.02,25.56,3.20,11.65,19.17,69.81,1.27,4.62
ROW_8357_006900_007020.rttm,85.77,80.69,17.53,21.73,6.05,7.50,33.15,41.08,30.01,37.19
ROW_8357_007620_007740.rttm,120.80,37.93,3.96,10.44,11.85,31.24,5.58,14.71,28.39,74.85
ROW_8357_012660_012780.rttm,65.59,58.39,29.76,50.97,9.67,16.56,26.75,45.81,1.88,3.22
ROW_8357_019560_019680.rttm,83.68,60.06,10.93,18.20,1.13,1.88,48.01,79.94,1.12,1.86
ROW_8357_020220_020340.rttm,85.98,84.75,13.17,15.54,1.29,1.52,71.03,83.81,0.55,0.65
ROW_8357_021540_021660.rttm,73.52,51.44,16.16,31.42,2.54,4.94,35.27,68.57,0.01,0.02
ROW_8357_027960_028080.rttm,104.51,16.64,5.59,33.59,6.34,38.10,8.04,48.32,3.01,18.09
ROW_8357_030300_030420.rttm,74.92,29.50,10.37,35.15,2.97,10.07,17.27,58.54,1.86,6.31
ROW_8357_041400_041520.rttm,62.55,89.82,45.35,50.49,11.71,13.04,23.14,25.76,21.33,23.75
ROW_8357_042720_042840.rttm,70.20,58.19,19.28,33.13,1.94,3.33,35.98,61.83,2.93,5.04
ROW_8357_053160_053280.rttm,0.00,0.00,0.00,,0.00,,0.00,,0.00,
ROW_8357_053280_053400.rttm,0.00,0.00,0.00,,0.00,,0.00,,0.00,
ROW_8357_055860_055980.rttm,0.00,0.00,0.00,,0.00,,0.00,,0.00,
ROW_8357_057000_057120.rttm,0.00,0.00,0.00,,0.00,,0.00,,0.00,
ROW_9408_003780_003900.rttm,94.41,47.37,4.16,8.78,1.51,3.19,36.88,77.86,6.33,13.36
ROW_9408_004800_004920.rttm,88.24,54.25,9.33,17.20,2.95,5.44,41.18,75.91,3.74,6.89
ROW_9408_008820_008940.rttm,89.52,42.18,6.08,14.41,1.66,3.94,27.58,65.39,8.52,20.20
ROW_9408_014880_015000.rttm,74.31,59.09,19.07,32.27,3.89,6.58,37.09,62.77,2.93,4.96
ROW_9408_018540_018660.rttm,0.00,0.00,0.00,,0.00,,0.00,,0.00,
ROW_9408_019380_019500.rttm,101.12,12.49,2.01,16.09,2.15,17.21,8.23,65.89,2.25,18.01
ROW_9408_026100_026220.rttm,67.33,2.02,0.83,41.09,0.17,8.42,1.19,58.91,0.00,0.00
ROW_9408_033360_033480.rttm,85.63,62.77,14.65,23.34,5.63,8.97,33.87,53.96,14.25,22.70
ROW_9408_035580_035700.rttm,100.00,13.67,0.00,0.00,0.00,0.00,13.67,100.00,0.00,0.00
ROW_9408_036300_036420.rttm,0.00,0.00,0.00,,0.00,,0.00,,0.00,
ROW_9408_037500_037620.rttm,0.00,0.00,0.00,,0.00,,0.00,,0.00,
ROW_9408_039540_039660.rttm,0.00,0.00,0.00,,0.00,,0.00,,0.00,
ROW_9408_042120_042240.rttm,0.00,0.00,0.00,,0.00,,0.00,,0.00,
ROW_9408_043080_043200.rttm,0.00,0.00,0.00,,0.00,,0.00,,0.00,
ROW_9408_046140_046260.rttm,0.00,0.00,0.00,,0.00,,0.00,,0.00,
ROW_9492_003780_003900.rttm,85.83,57.52,26.51,46.09,18.36,31.92,16.70,29.03,14.31,24.88
ROW_9492_004560_004680.rttm,49.01,75.49,50.23,66.54,11.74,15.55,17.97,23.80,7.29,9.66
ROW_9492_006180_006300.rttm,47.55,63.57,41.81,65.77,8.47,13.32,16.41,25.81,5.35,8.42
ROW_9492_007020_007140.rttm,204.39,8.88,0.00,0.00,9.27,104.39,8.88,100.00,0.00,0.00
ROW_9492_007380_007500.rttm,84.68,14.16,2.17,15.32,0.00,0.00,11.99,84.68,0.00,0.00
ROW_9492_011100_011220.rttm,90.31,42.63,7.87,18.46,3.74,8.77,26.17,61.39,8.59,20.15
ROW_9492_011340_011460.rttm,60.74,86.85,39.18,45.11,5.08,5.85,33.78,38.89,13.89,15.99
ROW_9492_015240_015360.rttm,94.04,33.72,2.23,6.61,0.22,0.65,31.49,93.39,0.00,0.00
ROW_9492_026220_026340.rttm,126.96,6.38,0.00,0.00,1.72,26.96,6.26,98.12,0.12,1.88
ROW_9492_027960_028080.rttm,78.41,35.44,12.94,36.51,5.29,14.93,16.35,46.13,6.15,17.35
ROW_9492_037200_037320.rttm,78.14,3.11,0.68,21.86,0.00,0.00,2.43,78.14,0.00,0.00
ROW_9492_044280_044400.rttm,0.00,0.00,0.00,,0.00,,0.00,,0.00,
ROW_9492_046020_046140.rttm,0.00,0.00,0.00,,0.00,,0.00,,0.00,
ROW_9492_047820_047940.rttm,0.00,0.00,0.00,,0.00,,0.00,,0.00,
ROW_9492_048180_048300.rttm,78.65,10.21,3.79,37.12,1.61,15.77,3.25,31.83,3.17,31.05
ROW_9801_002100_002220.rttm,63.59,78.89,39.87,50.54,11.15,14.13,27.86,35.31,11.16,14.15
ROW_9801_007440_007560.rttm,100.00,0.00,0.00,,2.00,,0.00,,0.00,
ROW_9801_008820_008940.rttm,53.09,71.37,37.98,53.22,4.50,6.31,27.75,38.88,5.64,7.90
ROW_9801_011340_011460.rttm,94.42,175.44,9.94,5.67,0.15,0.09,164.15,93.56,1.35,0.77
ROW_9801_012840_012960.rttm,85.27,184.83,28.09,15.20,0.87,0.47,152.29,82.39,4.45,2.41
ROW_9801_014760_014880.rttm,101.57,54.19,1.03,1.90,1.88,3.47,51.29,94.65,1.87,3.45
ROW_9801_019260_019380.rttm,66.40,119.07,45.07,37.85,5.06,4.25,67.52,56.71,6.48,5.44
ROW_9801_021720_021840.rttm,65.11,15.39,8.54,55.49,3.17,20.60,5.79,37.62,1.06,6.89
ROW_9801_026580_026700.rttm,0.00,0.00,0.00,,0.00,,0.00,,0.00,
ROW_9801_028740_028860.rttm,80.69,120.19,29.47,24.52,6.26,5.21,84.42,70.24,6.30,5.24
ROW_9801_035400_035520.rttm,88.50,106.33,15.47,14.55,3.24,3.05,86.10,80.97,4.76,4.48
ROW_9801_036900_037020.rttm,59.52,59.64,27.23,45.66,3.09,5.18,30.04,50.37,2.37,3.97
ROW_9801_043620_043740.rttm,102.89,68.60,5.52,8.05,7.50,10.93,4.22,6.15,58.86,85.80
ROW_9801_055020_055140.rttm,0.00,0.00,0.00,,0.00,,0.00,,0.00,
ROW_9801_056040_056160.rttm,0.00,0.00,0.00,,0.00,,0.00,,0.00,
SOD_1499_006120_006240.rttm,88.17,72.18,25.31,35.07,16.77,23.23,37.43,51.86,9.44,13.08
SOD_1499_007500_007620.rttm,92.52,66.82,6.88,10.30,1.88,2.81,52.90,79.17,7.04,10.54
SOD_1499_008580_008700.rttm,116.17,38.23,9.01,23.57,15.19,39.73,18.97,49.62,10.25,26.81
SOD_1499_010980_011100.rttm,71.12,135.39,43.02,31.77,3.92,2.90,89.61,66.19,2.76,2.04
SOD_1499_012720_012840.rttm,101.76,51.62,7.98,15.46,8.89,17.22,2.67,5.17,40.97,79.37
SOD_1499_015420_015540.rttm,188.00,2.00,0.00,0.00,1.76,88.00,0.73,36.50,1.27,63.50
SOD_1499_016260_016380.rttm,121.43,0.14,0.00,0.00,0.03,21.43,0.00,0.00,0.14,100.00
SOD_1499_017340_017460.rttm,110.56,51.04,0.12,0.24,5.51,10.80,10.29,20.16,40.63,79.60
SOD_1499_017820_017940.rttm,101.52,46.19,4.07,8.81,4.77,10.33,11.81,25.57,30.31,65.62
SOD_1499_020040_020160.rttm,96.04,31.58,1.35,4.27,0.10,0.32,30.23,95.73,0.00,0.00
SOD_1499_021660_021780.rttm,92.18,93.36,7.39,7.92,0.09,0.10,85.37,91.44,0.60,0.64
SOD_1499_023040_023160.rttm,74.61,79.16,20.81,26.29,0.71,0.90,57.85,73.08,0.50,0.63
SOD_1499_024300_024420.rttm,99.87,87.05,0.71,0.82,0.60,0.69,86.34,99.18,0.00,0.00
SOD_1499_025740_025860.rttm,99.01,118.02,1.33,1.13,0.16,0.14,115.36,97.75,1.33,1.13
SOD_1499_027540_027660.rttm,96.03,69.08,2.77,4.01,0.03,0.04,66.31,95.99,0.00,0.00
SOD_3542_003120_003240.rttm,67.78,118.25,42.26,35.74,4.16,3.52,51.17,43.27,24.82,20.99
SOD_3542_003900_004020.rttm,85.82,39.21,11.98,30.55,6.42,16.37,21.03,53.63,6.20,15.81
SOD_3542_004920_005040.rttm,59.72,95.56,43.95,45.99,5.46,5.71,44.25,46.31,7.36,7.70
SOD_3542_005220_005340.rttm,68.53,87.33,29.03,33.24,1.55,1.77,43.99,50.37,14.31,16.39
SOD_3542_006060_006180.rttm,89.33,94.87,10.39,10.95,0.27,0.28,82.75,87.22,1.73,1.82
SOD_3542_006360_006480.rttm,86.67,140.55,21.93,15.60,3.19,2.27,112.64,80.14,5.98,4.25
SOD_3542_010080_010200.rttm,97.58,90.52,2.77,3.06,0.58,0.64,87.75,96.94,0.00,0.00
SOD_3542_010500_010620.rttm,93.52,81.32,5.41,6.65,0.14,0.17,73.87,90.84,2.04,2.51
SOD_3542_011580_011700.rttm,84.69,121.48,20.43,16.82,1.83,1.51,93.66,77.10,7.39,6.08
SOD_3542_015540_015660.rttm,97.04,110.87,3.81,3.44,0.53,0.48,94.09,84.87,12.97,11.70
SOD_3542_017220_017340.rttm,100.07,27.09,1.00,3.69,1.02,3.77,23.65,87.30,2.44,9.01
SOD_3542_018180_018300.rttm,57.05,84.93,51.35,60.46,14.87,17.51,28.18,33.18,5.40,6.36
SOD_3542_019020_019140.rttm,48.15,19.48,13.58,69.71,3.48,17.86,4.57,23.46,1.33,6.83
SOD_3542_020700_020820.rttm,72.54,44.47,14.61,32.85,2.40,5.40,28.18,63.37,1.68,3.78
SOD_3542_021480_021600.rttm,100.00,5.89,0.00,0.00,0.00,0.00,5.89,100.00,0.00,0.00
SOD_3634_004260_004380.rttm,100.00,1.55,0.00,0.00,0.00,0.00,1.55,100.00,0.00,0.00
SOD_3634_004860_004980.rttm,99.51,57.60,0.98,1.70,0.70,1.22,55.21,95.85,1.41,2.45
SOD_3634_007260_007380.rttm,0.00,0.00,0.00,,0.00,,0.00,,0.00,
SOD_3634_010860_010980.rttm,87.84,16.94,2.55,15.05,0.49,2.89,14.37,84.83,0.02,0.12
SOD_3634_017520_017640.rttm,73.43,107.47,29.56,27.51,1.00,0.93,76.97,71.62,0.94,0.87
SOD_3634_022140_022260.rttm,0.00,0.00,0.00,,0.00,,0.00,,0.00,
SOD_3634_022620_022740.rttm,0.00,0.00,0.00,,0.00,,0.00,,0.00,
SOD_3634_023040_023160.rttm,0.00,0.00,0.00,,0.00,,0.00,,0.00,
SOD_3634_023940_024060.rttm,0.00,0.00,0.00,,0.00,,0.00,,0.00,
SOD_3634_024540_024660.rttm,0.00,0.00,0.00,,0.00,,0.00,,0.00,
SOD_3634_025320_025440.rttm,0.00,0.00,0.00,,0.00,,0.00,,0.00,
SOD_3634_026100_026220.rttm,0.00,0.00,0.00,,0.00,,0.00,,0.00,
SOD_3634_028140_028260.rttm,0.00,0.00,0.00,,0.00,,0.00,,0.00,
SOD_3634_033000_033120.rttm,57.30,21.22,11.18,52.69,2.12,9.99,10.04,47.31,0.00,0.00
SOD_3634_036120_036240.rttm,224.21,16.56,4.04,24.40,24.61,148.61,8.68,52.42,3.84,23.19
SOD_4483_002100_002220.rttm,75.57,33.52,15.72,46.90,7.53,22.46,16.24,48.45,1.56,4.65
SOD_4483_002700_002820.rttm,74.72,60.33,21.69,35.95,6.44,10.67,32.39,53.69,6.25,10.36
SOD_4483_003120_003240.rttm,105.66,30.56,6.52,21.34,8.25,27.00,22.32,73.04,1.72,5.63
SOD_4483_003420_003540.rttm,99.80,9.84,1.36,13.82,1.34,13.62,7.52,76.42,0.96,9.76
SOD_4483_003780_003900.rttm,0.00,0.00,0.00,,0.00,,0.00,,0.00,
SOD_4483_004200_004320.rttm,100.28,10.84,1.05,9.69,1.08,9.96,9.79,90.31,0.00,0.00
SOD_4483_004560_004680.rttm,75.95,17.17,5.57,32.44,1.44,8.39,7.22,42.05,4.38,25.51
SOD_4483_004860_004980.rttm,79.21,18.81,5.18,27.54,1.27,6.75,12.03,63.96,1.60,8.51
SOD_4483_004980_005100.rttm,51.62,13.31,8.98,67.47,2.54,19.08,4.33,32.53,0.00,0.00
SOD_4483_005280_005400.rttm,40.19,31.75,22.22,69.98,3.23,10.17,8.07,25.42,1.46,4.60
SOD_4483_005460_005580.rttm,114.65,21.43,7.69,35.88,10.83,50.54,11.33,52.87,2.41,11.25
SOD_4483_005760_005880.rttm,61.87,72.85,34.85,47.84,7.07,9.70,30.75,42.21,7.25,9.95
SOD_4483_006120_006240.rttm,65.62,47.41,24.62,51.93,8.32,17.55,14.57,30.73,8.22,17.34
SOD_4483_006240_006360.rttm,49.84,73.14,50.96,69.67,14.27,19.51,11.03,15.08,11.15,15.24
SOD_4483_006600_006720.rttm,72.70,46.26,15.95,34.48,3.32,7.18,29.76,64.33,0.55,1.19
SOD_4736_004440_004560.rttm,100.00,0.00,0.00,,7.82,,0.00,,0.00,
SOD_4736_005760_005880.rttm,100.00,0.00,0.00,,15.50,,0.00,,0.00,
SOD_4736_008940_009060.rttm,100.00,0.00,0.00,,26.51,,0.00,,0.00,
SOD_4736_009720_009840.rttm,100.00,0.00,0.00,,33.15,,0.00,,0.00,
SOD_4736_011220_011340.rttm,100.00,0.00,0.00,,6.08,,0.00,,0.00,
SOD_4736_013800_013920.rttm,148.15,23.76,0.00,0.00,11.44,48.15,23.06,97.05,0.70,2.95
SOD_4736_016920_017040.rttm,4269.01,0.71,0.00,0.00,29.60,4169.01,0.71,100.00,0.00,0.00
SOD_4736_018360_018480.rttm,100.00,0.00,0.00,,21.29,,0.00,,0.00,
SOD_4736_018780_018900.rttm,1684.09,1.32,0.00,0.00,20.91,1584.09,1.32,100.00,0.00,0.00
SOD_4736_020280_020400.rttm,100.00,0.00,0.00,,49.39,,0.00,,0.00,
SOD_4736_023580_023700.rttm,100.00,0.00,0.00,,1.07,,0.00,,0.00,
SOD_4736_025740_025860.rttm,0.00,0.00,0.00,,0.00,,0.00,,0.00,
SOD_4736_026460_026580.rttm,0.00,0.00,0.00,,0.00,,0.00,,0.00,
SOD_4736_029520_029640.rttm,100.00,0.00,0.00,,4.00,,0.00,,0.00,
SOD_4736_033120_033240.rttm,0.00,0.00,0.00,,0.00,,0.00,,0.00,
SOD_8445_006660_006780.rttm,230.97,1.13,0.00,0.00,1.48,130.97,0.40,35.40,0.73,64.60
SOD_8445_011700_011820.rttm,95.88,50.69,6.82,13.45,4.73,9.33,39.38,77.69,4.49,8.86
SOD_8445_012900_013020.rttm,76.97,70.56,22.13,31.36,5.88,8.33,31.06,44.02,17.37,24.62
SOD_8445_015660_015780.rttm,0.00,0.00,0.00,,0.00,,0.00,,0.00,
SOD_8445_017580_017700.rttm,77.82,72.85,17.52,24.05,1.36,1.87,53.68,73.69,1.65,2.26
SOD_8445_019980_020100.rttm,85.67,45.78,13.32,29.10,6.76,14.77,30.71,67.08,1.75,3.82
SOD_8445_021960_022080.rttm,91.48,97.64,12.06,12.35,3.74,3.83,47.00,48.14,38.58,39.51
SOD_8445_023880_024000.rttm,72.63,11.29,5.25,46.50,2.16,19.13,6.04,53.50,0.00,0.00
SOD_8445_027600_027720.rttm,87.42,53.08,7.25,13.66,0.57,1.07,45.44,85.61,0.39,0.73
SOD_8445_029040_029160.rttm,82.77,49.03,11.61,23.68,3.16,6.45,34.00,69.35,3.42,6.98
SOD_8445_038220_038340.rttm,85.60,36.33,5.39,14.84,0.16,0.44,28.33,77.98,2.61,7.18
SOD_8445_039000_039120.rttm,145.55,21.82,5.54,25.39,15.48,70.94,15.18,69.57,1.10,5.04
SOD_8445_044340_044460.rttm,48.18,91.33,59.29,64.92,11.96,13.10,16.46,18.02,15.58,17.06
SOD_8445_048120_048240.rttm,85.60,31.05,6.51,20.97,2.04,6.57,23.98,77.23,0.56,1.80
SOD_8445_049380_049500.rttm,79.78,33.48,7.99,23.86,1.22,3.64,24.48,73.12,1.01,3.02
SOD_8924_002400_002520.rttm,81.90,45.47,14.44,31.76,6.21,13.66,17.69,38.90,13.34,29.34
SOD_8924_006360_006480.rttm,82.34,51.76,18.81,36.34,9.67,18.68,6.26,12.09,26.69,51.56
SOD_8924_007140_007260.rttm,83.14,85.79,18.05,21.04,3.59,4.18,46.17,53.82,21.57,25.14
SOD_8924_012780_012900.rttm,100.00,24.38,0.00,0.00,0.00,0.00,24.38,100.00,0.00,0.00
SOD_8924_013560_013680.rttm,0.00,0.00,0.00,,0.00,,0.00,,0.00,
SOD_8924_014820_014940.rttm,100.00,31.85,0.00,0.00,0.00,0.00,31.85,100.00,0.00,0.00
SOD_8924_015720_015840.rttm,0.00,0.00,0.00,,0.00,,0.00,,0.00,
SOD_8924_017160_017280.rttm,41.13,88.03,53.48,60.75,1.66,1.89,33.60,38.17,0.95,1.08
SOD_8924_017340_017460.rttm,39.61,78.72,49.14,62.42,1.60,2.03,27.61,35.07,1.97,2.50
SOD_8924_018240_018360.rttm,75.23,52.29,16.09,30.77,3.14,6.00,27.94,53.43,8.26,15.80
SOD_8924_018720_018840.rttm,95.20,17.92,3.33,18.58,2.47,13.78,12.05,67.24,2.54,14.17
SOD_8924_019500_019620.rttm,96.76,43.23,6.44,14.90,5.04,11.66,20.14,46.59,16.65,38.51
SOD_8924_023400_023520.rttm,62.24,27.57,14.33,51.98,3.92,14.22,11.67,42.33,1.57,5.69
SOD_8924_024480_024600.rttm,79.80,32.22,12.14,37.68,5.63,17.47,12.03,37.34,8.05,24.98
SOD_8924_028020_028140.rttm,73.65,68.08,20.74,30.46,2.80,4.11,40.67,59.74,6.67,9.80
SOD_9527_001980_002100.rttm,57.06,51.84,27.26,52.58,5.00,9.65,18.36,35.42,6.22,12.00
SOD_9527_003660_003780.rttm,68.75,37.53,14.41,38.40,2.68,7.14,18.53,49.37,4.59,12.23
SOD_9527_004800_004920.rttm,62.88,78.24,31.17,39.84,2.13,2.72,42.63,54.49,4.44,5.67
SOD_9527_007920_008040.rttm,90.86,40.04,9.43,23.55,5.77,14.41,20.59,51.42,10.02,25.02
SOD_9527_008340_008460.rttm,83.85,21.86,5.93,27.13,2.40,10.98,14.24,65.14,1.69,7.73
SOD_9527_010320_010440.rttm,0.00,0.00,0.00,,0.00,,0.00,,0.00,
SOD_9527_012060_012180.rttm,0.00,0.00,0.00,,0.00,,0.00,,0.00,
SOD_9527_013920_014040.rttm,0.00,0.00,0.00,,0.00,,0.00,,0.00,
SOD_9527_020460_020580.rttm,74.41,44.62,13.07,29.29,1.65,3.70,28.19,63.18,3.36,7.53
SOD_9527_025620_025740.rttm,98.03,21.88,3.58,16.36,3.15,14.40,15.21,69.52,3.09,14.12
SOD_9527_027240_027360.rttm,95.28,25.85,4.47,17.29,3.25,12.57,15.79,61.08,5.59,21.62
SOD_9527_032760_032880.rttm,78.66,27.55,5.88,21.34,0.00,0.00,21.67,78.66,0.00,0.00
SOD_9527_042300_042420.rttm,129.44,10.53,4.80,45.58,7.90,75.02,3.58,34.00,2.15,20.42
SOD_9527_048900_049020.rttm,0.00,0.00,0.00,,0.00,,0.00,,0.00,
SOD_9527_049500_049620.rttm,0.00,0.00,0.00,,0.00,,0.00,,0.00,
SOD_9854_003120_003240.rttm,88.56,26.83,8.84,32.95,5.77,21.51,5.60,20.87,12.39,46.18
SOD_9854_007380_007500.rttm,66.87,26.11,12.83,49.14,4.18,16.01,9.96,38.15,3.32,12.72
SOD_9854_010740_010860.rttm,151.03,23.71,1.47,6.20,13.57,57.23,17.76,74.91,4.48,18.89
SOD_9854_011460_011580.rttm,78.78,62.53,29.48,47.15,16.21,25.92,18.82,30.10,14.23,22.76
SOD_9854_012060_012180.rttm,89.70,45.73,10.01,21.89,5.30,11.59,25.48,55.72,10.24,22.39
SOD_9854_013260_013380.rttm,61.58,54.17,28.92,53.39,8.11,14.97,19.93,36.79,5.32,9.82
SOD_9854_015780_015900.rttm,81.25,27.74,10.23,36.88,5.03,18.13,13.13,47.33,4.38,15.79
SOD_9854_019380_019500.rttm,91.81,33.47,2.74,8.19,0.00,0.00,29.93,89.42,0.80,2.39
SOD_9854_020880_021000.rttm,91.94,54.57,7.01,12.85,2.61,4.78,38.19,69.98,9.37,17.17
SOD_9854_021900_022020.rttm,100.00,30.71,0.00,0.00,0.00,0.00,30.71,100.00,0.00,0.00
SOD_9854_024300_024420.rttm,0.00,0.00,0.00,,0.00,,0.00,,0.00,
SOD_9854_027480_027600.rttm,0.00,0.00,0.00,,0.00,,0.00,,0.00,
SOD_9854_028320_028440.rttm,129.07,3.44,0.00,0.00,1.00,29.07,3.44,100.00,0.00,0.00
SOD_9854_030060_030180.rttm,95.60,68.83,3.63,5.27,0.60,0.87,53.54,77.79,11.66,16.94
SOD_9854_032340_032460.rttm,86.64,42.80,9.36,21.87,3.64,8.50,27.53,64.32,5.91,13.81
SOD_9858_002580_002700.rttm,55.98,19.06,14.30,75.03,5.91,31.01,2.77,14.53,1.99,10.44
SOD_9858_003360_003480.rttm,100.00,0.00,0.00,,15.03,,0.00,,0.00,
SOD_9858_004740_004860.rttm,90.34,13.56,3.04,22.42,1.73,12.76,7.85,57.89,2.67,19.69
SOD_9858_008520_008640.rttm,0.00,0.00,0.00,,0.00,,0.00,,0.00,
SOD_9858_009600_009720.rttm,160.23,1.76,0.20,11.36,1.26,71.59,0.81,46.02,0.75,42.61
SOD_9858_011520_011640.rttm,0.00,0.00,0.00,,0.00,,0.00,,0.00,
SOD_9858_012660_012780.rttm,0.00,0.00,0.00,,0.00,,0.00,,0.00,
SOD_9858_012960_013080.rttm,0.00,0.00,0.00,,0.00,,0.00,,0.00,
SOD_9858_013800_013920.rttm,0.00,0.00,0.00,,0.00,,0.00,,0.00,
SOD_9858_015660_015780.rttm,0.00,0.00,0.00,,0.00,,0.00,,0.00,
SOD_9858_017040_017160.rttm,57.73,63.50,31.89,50.22,5.05,7.95,19.31,30.41,12.30,19.37
SOD_9858_018240_018360.rttm,82.17,61.08,13.56,22.20,2.67,4.37,37.37,61.18,10.15,16.62
SOD_9858_021360_021480.rttm,100.00,11.23,0.00,0.00,0.00,0.00,11.23,100.00,0.00,0.00
SOD_9858_022020_022140.rttm,81.75,58.40,14.50,24.83,3.84,6.58,40.83,69.91,3.07,5.26
SOD_9858_023100_023220.rttm,97.59,60.95,1.77,2.90,0.30,0.49,57.93,95.05,1.25,2.05
WAR_1130_002640_002760.rttm,67.40,90.64,35.34,38.99,5.79,6.39,42.13,46.48,13.17,14.53
WAR_1130_003000_003120.rttm,62.28,141.19,57.45,40.69,4.19,2.97,78.12,55.33,5.62,3.98
WAR_1130_004380_004500.rttm,93.47,24.82,5.92,23.85,4.30,17.32,18.06,72.76,0.84,3.38
WAR_1130_007080_007200.rttm,63.59,82.44,31.01,37.62,0.99,1.20,49.02,59.46,2.41,2.92
WAR_1130_009120_009240.rttm,87.57,58.10,13.29,22.87,6.07,10.45,42.72,73.53,2.09,3.60
WAR_1130_011220_011340.rttm,89.80,27.45,4.15,15.12,1.35,4.92,23.09,84.12,0.21,0.77
WAR_1130_013260_013380.rttm,44.51,111.08,70.13,63.13,8.49,7.64,38.09,34.29,2.86,2.57
WAR_1130_021960_022080.rttm,96.01,39.58,1.69,4.27,0.11,0.28,37.89,95.73,0.00,0.00
WAR_1130_022980_023100.rttm,100.00,9.12,0.00,0.00,0.00,0.00,9.12,100.00,0.00,0.00
WAR_1130_023580_023700.rttm,72.88,60.66,34.61,57.06,18.16,29.94,24.71,40.74,1.34,2.21
WAR_1130_026400_026520.rttm,89.68,47.20,7.23,15.32,2.36,5.00,37.47,79.39,2.50,5.30
WAR_1130_027660_027780.rttm,56.79,74.77,35.81,47.89,3.50,4.68,35.46,47.43,3.50,4.68
WAR_1130_037140_037260.rttm,69.11,79.81,32.31,40.48,7.66,9.60,44.93,56.30,2.57,3.22
WAR_1130_039420_039540.rttm,100.00,11.04,0.00,0.00,0.00,0.00,11.04,100.00,0.00,0.00
WAR_1130_040080_040200.rttm,100.00,8.22,0.00,0.00,0.00,0.00,8.22,100.00,0.00,0.00
WAR_2535_004380_004500.rttm,81.19,37.63,13.62,36.19,6.54,17.38,19.74,52.46,4.27,11.35
WAR_2535_006840_006960.rttm,0.00,0.00,0.00,,0.00,,0.00,,0.00,
WAR_2535_009720_009840.rttm,63.47,98.50,46.50,47.21,10.52,10.68,44.97,45.65,7.03,7.14
WAR_2535_010920_011040.rttm,71.20,47.16,18.10,38.38,4.52,9.58,28.44,60.31,0.62,1.31
WAR_2535_012600_012720.rttm,70.01,105.57,42.05,39.83,10.39,9.84,46.33,43.89,17.19,16.28
WAR_2535_013320_013440.rttm,95.42,60.64,5.75,9.48,2.97,4.90,52.75,86.99,2.14,3.53
WAR_2535_014940_015060.rttm,95.17,17.18,2.63,15.31,1.80,10.48,14.37,83.64,0.18,1.05
WAR_2535_018660_018780.rttm,0.00,0.00,0.00,,0.00,,0.00,,0.00,
WAR_2535_025740_025860.rttm,51.60,63.87,33.83,52.97,2.92,4.57,27.13,42.48,2.91,4.56
WAR_2535_032640_032760.rttm,86.45,98.53,14.46,14.68,1.11,1.13,72.45,73.53,11.62,11.79
WAR_2535_034500_034620.rttm,76.22,94.88,24.62,25.95,2.06,2.17,69.10,72.83,1.16,1.22
WAR_2535_035640_035760.rttm,83.18,61.64,12.06,19.57,1.69,2.74,47.08,76.38,2.50,4.06
WAR_2535_036960_037080.rttm,70.20,68.97,22.79,33.04,2.24,3.25,39.82,57.74,6.36,9.22
WAR_2535_038400_038520.rttm,69.59,90.09,31.58,35.05,4.18,4.64,57.18,63.47,1.33,1.48
WAR_2535_045660_045780.rttm,128.24,12.75,6.30,49.41,9.90,77.65,4.84,37.96,1.61,12.63
WAR_3090_010980_011100.rttm,151.81,27.85,3.75,13.46,18.18,65.28,15.76,56.59,8.34,29.95
WAR_3090_016320_016440.rttm,96.96,13.50,2.38,17.63,1.97,14.59,10.52,77.93,0.60,4.44
WAR_3090_020820_020940.rttm,104.13,10.40,0.70,6.73,1.13,10.87,9.66,92.88,0.04,0.38
WAR_3090_021120_021240.rttm,101.35,25.16,2.46,9.78,2.80,11.13,16.40,65.18,6.30,25.04
WAR_3090_027060_027180.rttm,73.13,39.07,22.04,56.41,11.54,29.54,13.76,35.22,3.27,8.37
WAR_3090_030780_030900.rttm,109.55,10.58,0.00,0.00,1.01,9.55,10.58,100.00,0.00,0.00
WAR_3090_031860_031980.rttm,0.00,0.00,0.00,,0.00,,0.00,,0.00,
WAR_3090_032340_032460.rttm,0.00,0.00,0.00,,0.00,,0.00,,0.00,
WAR_3090_034200_034320.rttm,100.00,0.00,0.00,,6.62,,0.00,,0.00,
WAR_3090_037080_037200.rttm,140.22,15.49,4.89,31.57,11.12,71.79,10.60,68.43,0.00,0.00
WAR_3090_043920_044040.rttm,112.13,59.05,18.98,32.14,26.14,44.27,32.44,54.94,7.63,12.92
WAR_3090_046980_047100.rttm,78.87,55.74,21.82,39.15,10.04,18.01,25.22,45.25,8.70,15.61
WAR_3090_047700_047820.rttm,87.06,56.73,15.75,27.76,8.41,14.82,29.53,52.05,11.45,20.18
WAR_3090_048720_048840.rttm,54.80,50.40,33.86,67.18,11.08,21.98,13.82,27.42,2.72,5.40
WAR_3090_055920_056040.rttm,57.81,96.50,56.32,58.36,15.61,16.18,27.01,27.99,13.17,13.65
WAR_3528_003060_003180.rttm,71.73,45.14,17.58,38.95,4.82,10.68,26.53,58.77,1.03,2.28
WAR_3528_006600_006720.rttm,52.47,62.15,39.51,63.57,9.97,16.04,22.13,35.61,0.51,0.82
WAR_3528_007680_007800.rttm,93.31,13.30,4.84,36.39,3.95,29.70,7.66,57.59,0.80,6.02
WAR_3528_012000_012120.rttm,0.00,0.00,0.00,,0.00,,0.00,,0.00,
WAR_3528_015360_015480.rttm,0.00,0.00,0.00,,0.00,,0.00,,0.00,
WAR_3528_018480_018600.rttm,0.00,0.00,0.00,,0.00,,0.00,,0.00,
WAR_3528_023100_023220.rttm,0.00,0.00,0.00,,0.00,,0.00,,0.00,
WAR_3528_028920_029040.rttm,156.86,0.51,0.00,0.00,0.29,56.86,0.20,39.22,0.31,60.78
WAR_3528_030600_030720.rttm,0.00,0.00,0.00,,0.00,,0.00,,0.00,
WAR_3528_045720_045840.rttm,0.00,0.00,0.00,,0.00,,0.00,,0.00,
WAR_3528_047940_048060.rttm,0.00,0.00,0.00,,0.00,,0.00,,0.00,
WAR_3528_049920_050040.rttm,0.00,0.00,0.00,,0.00,,0.00,,0.00,
WAR_3528_050400_050520.rttm,0.00,0.00,0.00,,0.00,,0.00,,0.00,
WAR_3528_054960_055080.rttm,0.00,0.00,0.00,,0.00,,0.00,,0.00,
WAR_3528_056340_056460.rttm,0.00,0.00,0.00,,0.00,,0.00,,0.00,
WAR_4995_002820_002940.rttm,74.21,53.93,27.06,50.18,13.15,24.38,22.77,42.22,4.10,7.60
WAR_4995_005100_005220.rttm,110.05,1.89,0.29,15.34,0.48,25.40,1.17,61.90,0.43,22.75
WAR_4995_007080_007200.rttm,63.05,52.20,24.13,46.23,4.84,9.27,20.98,40.19,7.09,13.58
WAR_4995_007440_007560.rttm,63.31,48.03,25.55,53.20,7.93,16.51,11.21,23.34,11.27,23.46
WAR_4995_012660_012780.rttm,76.44,23.05,11.04,47.90,5.61,24.34,10.17,44.12,1.84,7.98
WAR_4995_017580_017700.rttm,68.27,17.65,12.12,68.67,6.52,36.94,4.80,27.20,0.73,4.14
WAR_4995_019500_019620.rttm,75.87,31.20,16.71,53.56,9.18,29.42,13.14,42.12,1.35,4.33
WAR_4995_020340_020460.rttm,80.13,15.80,7.34,46.46,4.20,26.58,7.18,45.44,1.28,8.10
WAR_4995_023160_023280.rttm,73.77,19.44,9.63,49.54,4.53,23.30,8.69,44.70,1.12,5.76
WAR_4995_026280_026400.rttm,54.56,25.75,16.35,63.50,4.65,18.06,6.86,26.64,2.54,9.86
WAR_4995_026700_026820.rttm,30.09,104.47,79.89,76.47,6.85,6.56,22.56,21.59,2.02,1.93
WAR_4995_027300_027420.rttm,0.00,0.00,0.00,,0.00,,0.00,,0.00,
WAR_4995_029760_029880.rttm,0.00,0.00,0.00,,0.00,,0.00,,0.00,
WAR_4995_032760_032880.rttm,0.00,0.00,0.00,,0.00,,0.00,,0.00,
WAR_4995_033120_033240.rttm,73.17,4.77,1.57,32.91,0.29,6.08,3.20,67.09,0.00,0.00
WAR_5613_007800_007920.rttm,100.00,87.22,0.00,0.00,0.00,0.00,87.22,100.00,0.00,0.00
WAR_5613_015240_015360.rttm,103.28,18.32,4.01,21.89,4.61,25.16,5.08,27.73,9.23,50.38
WAR_5613_017820_017940.rttm,87.33,80.43,10.83,13.47,0.64,0.80,69.07,85.88,0.53,0.66
WAR_5613_020040_020160.rttm,76.12,83.05,24.17,29.10,4.34,5.23,46.40,55.87,12.48,15.03
WAR_5613_028560_028680.rttm,84.68,81.47,15.59,19.14,3.11,3.82,51.25,62.91,14.63,17.96
WAR_5613_029700_029820.rttm,100.00,13.15,0.00,0.00,0.00,0.00,13.15,100.00,0.00,0.00
WAR_5613_030540_030660.rttm,76.19,72.00,21.69,30.13,4.55,6.32,37.17,51.63,13.14,18.25
WAR_5613_031980_032100.rttm,0.00,0.00,0.00,,0.00,,0.00,,0.00,
WAR_5613_033000_033120.rttm,90.83,60.54,14.34,23.69,8.79,14.52,34.17,56.44,12.03,19.87
WAR_5613_034620_034740.rttm,70.21,168.36,55.33,32.86,5.18,3.08,102.16,60.68,10.87,6.46
WAR_5613_038820_038940.rttm,75.61,108.30,29.31,27.06,2.90,2.68,73.85,68.19,5.14,4.75
WAR_5613_044400_044520.rttm,100.00,104.16,0.00,0.00,0.00,0.00,103.02,98.91,1.14,1.09
WAR_5613_053760_053880.rttm,80.79,123.24,26.52,21.52,2.84,2.30,91.15,73.96,5.57,4.52
WAR_5613_056520_056640.rttm,0.00,0.00,0.00,,0.00,,0.00,,0.00,
WAR_5613_057240_057360.rttm,0.00,0.00,0.00,,0.00,,0.00,,0.00,
WAR_5959_003960_004080.rttm,70.07,41.03,18.21,44.38,5.93,14.45,20.75,50.57,2.07,5.05
WAR_5959_004920_005040.rttm,109.44,7.52,0.13,1.73,0.84,11.17,7.16,95.21,0.23,3.06
WAR_5959_008520_008640.rttm,0.00,0.00,0.00,,0.00,,0.00,,0.00,
WAR_5959_012240_012360.rttm,74.05,38.34,13.08,34.12,3.13,8.16,24.08,62.81,1.18,3.08
WAR_5959_012840_012960.rttm,65.50,73.56,33.77,45.91,8.39,11.41,24.67,33.54,15.12,20.55
WAR_5959_018300_018420.rttm,82.64,46.54,9.38,20.15,1.30,2.79,37.16,79.85,0.00,0.00
WAR_5959_021960_022080.rttm,69.42,29.07,13.36,45.96,4.47,15.38,13.60,46.78,2.11,7.26
WAR_5959_022920_023040.rttm,100.00,45.42,0.00,0.00,0.00,0.00,45.42,100.00,0.00,0.00
WAR_5959_025800_025920.rttm,67.20,56.74,22.76,40.11,4.15,7.31,31.56,55.62,2.42,4.27
WAR_5959_037560_037680.rttm,93.53,136.38,9.88,7.24,1.06,0.78,122.74,90.00,3.76,2.76
WAR_5959_039300_039420.rttm,0.00,0.00,0.00,,0.00,,0.00,,0.00,
WAR_5959_041940_042060.rttm,0.00,0.00,0.00,,0.00,,0.00,,0.00,
WAR_5959_042300_042420.rttm,0.00,0.00,0.00,,0.00,,0.00,,0.00,
WAR_5959_051900_052020.rttm,0.00,0.00,0.00,,0.00,,0.00,,0.00,
WAR_5959_055800_055920.rttm,0.00,0.00,0.00,,0.00,,0.00,,0.00,
WAR_9398_003180_003300.rttm,76.80,11.55,6.17,53.42,3.49,30.22,4.74,41.04,0.64,5.54
WAR_9398_005100_005220.rttm,69.22,35.83,25.44,71.00,14.41,40.22,3.71,10.35,6.68,18.64
WAR_9398_006000_006120.rttm,33.12,43.02,34.69,80.64,5.92,13.76,3.64,8.46,4.69,10.90
WAR_9398_007680_007800.rttm,52.43,58.23,40.16,68.97,12.46,21.40,14.74,25.31,3.33,5.72
WAR_9398_009300_009420.rttm,41.77,73.85,64.71,87.62,21.71,29.40,6.65,9.00,2.49,3.37
WAR_9398_011640_011760.rttm,0.00,0.00,0.00,,0.00,,0.00,,0.00,
WAR_9398_012540_012660.rttm,0.00,0.00,0.00,,0.00,,0.00,,0.00,
WAR_9398_013500_013620.rttm,0.00,0.00,0.00,,0.00,,0.00,,0.00,
WAR_9398_018660_018780.rttm,52.72,108.45,56.61,52.20,5.33,4.91,42.51,39.20,9.33,8.60
WAR_9398_019500_019620.rttm,63.75,14.15,11.11,78.52,5.98,42.26,2.77,19.58,0.27,1.91
WAR_9398_022920_023040.rttm,122.73,1.10,0.83,75.45,1.08,98.18,0.27,24.55,0.00,0.00
WAR_9398_026700_026820.rttm,61.13,7.77,5.80,74.65,2.78,35.78,1.97,25.35,0.00,0.00
WAR_9398_027600_027720.rttm,72.25,10.27,5.65,55.01,2.80,27.26,4.25,41.38,0.37,3.60
WAR_9398_033780_033900.rttm,45.41,67.19,52.54,78.20,15.86,23.60,11.97,17.82,2.68,3.99
WAR_9398_034140_034260.rttm,43.05,77.09,65.98,85.59,22.08,28.64,8.31,10.78,2.80,3.63
WAR_9427_004380_004500.rttm,95.44,32.45,12.51,38.55,11.03,33.99,6.50,20.03,13.44,41.42
WAR_9427_008940_009060.rttm,0.00,0.00,0.00,,0.00,,0.00,,0.00,
WAR_9427_009960_010080.rttm,0.00,0.00,0.00,,0.00,,0.00,,0.00,
WAR_9427_017880_018000.rttm,75.91,6.60,2.63,39.85,1.04,15.76,2.74,41.52,1.23,18.64
WAR_9427_018240_018360.rttm,148.61,24.17,10.35,42.82,22.10,91.44,7.89,32.64,5.93,24.53
WAR_9427_021000_021120.rttm,408.31,3.25,0.54,16.62,10.56,324.92,1.76,54.15,0.95,29.23
WAR_9427_022800_022920.rttm,47.19,123.74,68.92,55.70,3.57,2.89,45.19,36.52,9.63,7.78
WAR_9427_033300_033420.rttm,63.47,54.66,22.93,41.95,2.96,5.42,30.12,55.10,1.61,2.95
WAR_9427_043260_043380.rttm,84.58,19.58,5.43,27.73,2.41,12.31,13.50,68.95,0.65,3.32
WAR_9427_045000_045120.rttm,97.25,63.89,1.94,3.04,0.18,0.28,61.36,96.04,0.59,0.92
WAR_9427_045960_046080.rttm,100.71,35.21,0.00,0.00,0.25,0.71,33.56,95.31,1.65,4.69
WAR_9427_049320_049440.rttm,0.00,0.00,0.00,,0.00,,0.00,,0.00,
WAR_9427_053340_053460.rttm,100.00,38.65,0.00,0.00,0.00,0.00,38.65,100.00,0.00,0.00
WAR_9427_056040_056160.rttm,85.86,83.38,13.28,15.93,1.49,1.79,60.95,73.10,9.15,10.97
WAR_9427_056760_056880.rttm,97.71,48.39,1.11,2.29,0.00,0.00,47.15,97.44,0.13,0.27
WAR_9755_004140_004260.rttm,0.00,0.00,0.00,,0.00,,0.00,,0.00,
WAR_9755_010980_011100.rttm,62.80,59.98,30.42,50.72,8.11,13.52,17.66,29.44,11.90,19.84
WAR_9755_013140_013260.rttm,52.59,19.91,12.87,64.64,3.43,17.23,7.04,35.36,0.00,0.00
WAR_9755_014640_014760.rttm,0.00,0.00,0.00,,0.00,,0.00,,0.00,
WAR_9755_016680_016800.rttm,0.00,0.00,0.00,,0.00,,0.00,,0.00,
WAR_9755_017160_017280.rttm,104.85,14.44,0.00,0.00,0.70,4.85,13.12,90.86,1.32,9.14
WAR_9755_019020_019140.rttm,83.75,8.37,1.40,16.73,0.04,0.48,6.97,83.27,0.00,0.00
WAR_9755_026520_026640.rttm,0.00,0.00,0.00,,0.00,,0.00,,0.00,
WAR_9755_029400_029520.rttm,100.34,8.71,0.29,3.33,0.32,3.67,8.42,96.67,0.00,0.00
WAR_9755_031080_031200.rttm,78.31,65.66,17.16,26.13,2.92,4.45,44.28,67.44,4.22,6.43
WAR_9755_035280_035400.rttm,107.52,36.68,2.81,7.66,5.57,15.19,29.47,80.34,4.40,12.00
WAR_9755_036060_036180.rttm,66.54,56.27,27.32,48.55,8.49,15.09,23.28,41.37,5.67,10.08
WAR_9755_036900_037020.rttm,89.59,14.60,9.44,64.66,7.92,54.25,3.56,24.38,1.60,10.96
WAR_9755_038340_038460.rttm,76.52,34.62,12.16,35.12,4.03,11.64,21.88,63.20,0.58,1.68
WAR_9755_038880_039000.rttm,111.90,22.86,6.55,28.65,9.27,40.55,15.19,66.45,1.12,4.90
TOTAL,79.00,24823.92,8340.31,33.60,3126.95,12.60,13793.38,55.56,2690.23,10.84
