item,detection precision %,retrieved,relevant retrieved
BER_0396_005220_005340.rttm,84.57,23.40,19.79
BER_0396_008100_008220.rttm,74.80,13.77,10.30
BER_0396_008820_008940.rttm,86.21,8.34,7.19
BER_0396_010140_010260.rttm,87.82,29.15,25.60
BER_0396_011160_011280.rttm,86.46,24.00,20.75
BER_0396_012900_013020.rttm,20.74,19.58,4.06
BER_0396_013680_013800.rttm,8.94,24.17,2.16
BER_0396_014520_014640.rttm,52.47,37.93,19.90
BER_0396_021840_021960.rttm,100.00,0.00,0.00
BER_0396_022920_023040.rttm,100.00,0.00,0.00
BER_0396_024120_024240.rttm,71.72,18.95,13.59
BER_0396_024840_024960.rttm,90.45,23.67,21.41
BER_0396_033660_033780.rttm,86.82,45.61,39.60
BER_0396_037380_037500.rttm,89.84,24.80,22.28
BER_0396_040500_040620.rttm,29.74,3.06,0.91
BER_1196_002760_002880.rttm,77.06,11.16,8.60
BER_1196_007500_007620.rttm,100.00,0.00,0.00
BER_1196_011160_011280.rttm,94.77,4.78,4.53
BER_1196_013680_013800.rttm,72.64,24.56,17.84
BER_1196_014760_014880.rttm,86.19,38.59,33.26
BER_1196_015660_015780.rttm,64.86,13.63,8.84
BER_1196_016140_016260.rttm,85.63,43.02,36.84
BER_1196_021240_021360.rttm,90.61,14.70,13.32
BER_1196_022560_022680.rttm,73.96,40.33,29.83
BER_1196_023820_023940.rttm,78.06,17.87,13.95
BER_1196_024960_025080.rttm,57.57,21.59,12.43
BER_1196_032880_033000.rttm,59.29,9.04,5.36
BER_1196_033480_033600.rttm,66.56,24.43,16.26
BER_1196_034740_034860.rttm,62.16,31.92,19.84
BER_1196_039000_039120.rttm,99.31,2.90,2.88
BER_1618_003480_003600.rttm,83.62,24.24,20.27
BER_1618_007620_007740.rttm,100.00,0.00,0.00
BER_1618_009000_009120.rttm,100.00,0.00,0.00
BER_1618_013200_013320.rttm,0.00,1.80,0.00
BER_1618_017400_017520.rttm,85.89,41.10,35.30
BER_1618_023520_023640.rttm,100.00,0.00,0.00
BER_1618_023820_023940.rttm,100.00,0.00,0.00
BER_1618_024180_024300.rttm,100.00,0.00,0.00
BER_1618_031620_031740.rttm,92.15,42.91,39.54
BER_1618_041040_041160.rttm,93.12,25.72,23.95
BER_1618_043620_043740.rttm,0.00,1.31,0.00
BER_1618_047700_047820.rttm,100.00,0.00,0.00
BER_1618_050520_050640.rttm,100.00,0.00,0.00
BER_1618_051240_051360.rttm,100.00,0.00,0.00
BER_1618_053820_053940.rttm,100.00,0.00,0.00
BER_1844_002580_002700.rttm,100.00,0.66,0.66
BER_1844_009060_009180.rttm,100.00,0.00,0.00
BER_1844_010560_010680.rttm,100.00,0.00,0.00
BER_1844_012120_012240.rttm,100.00,3.39,3.39
BER_1844_013200_013320.rttm,86.86,23.74,20.62
BER_1844_013740_013860.rttm,86.97,35.22,30.63
BER_1844_018120_018240.rttm,95.37,21.18,20.20
BER_1844_018960_019080.rttm,31.63,14.32,4.53
BER_1844_020340_020460.rttm,99.76,8.43,8.41
BER_1844_028320_028440.rttm,63.08,10.05,6.34
BER_1844_029940_030060.rttm,77.14,20.34,15.69
BER_1844_030660_030780.rttm,100.00,0.00,0.00
BER_1844_031620_031740.rttm,100.00,16.97,16.97
BER_1844_034080_034200.rttm,95.44,24.13,23.03
BER_1844_041880_042000.rttm,95.70,25.56,24.46
BER_2927_012000_012120.rttm,80.23,24.28,19.48
BER_2927_013500_013620.rttm,97.04,39.82,38.64
BER_2927_014160_014280.rttm,86.53,60.86,52.66
BER_2927_019980_020100.rttm,100.00,0.00,0.00
BER_2927_023820_023940.rttm,93.51,67.96,63.55
BER_2927_025080_025200.rttm,88.72,40.94,36.32
BER_2927_026160_026280.rttm,88.49,54.64,48.35
BER_2927_026460_026580.rttm,82.90,56.27,46.65
BER_2927_027180_027300.rttm,90.20,42.67,38.49
BER_2927_030120_030240.rttm,86.83,44.50,38.64
BER_2927_037440_037560.rttm,57.77,2.51,1.45
BER_2927_044340_044460.rttm,92.29,11.03,10.18
BER_2927_053160_053280.rttm,100.00,0.00,0.00
BER_2927_054900_055020.rttm,100.00,0.00,0.00
BER_2927_056400_056520.rttm,100.00,0.00,0.00
BER_3749_004140_004260.rttm,96.85,91.39,88.51
BER_3749_004620_004740.rttm,88.10,50.84,44.79
BER_3749_005520_005640.rttm,97.62,52.20,50.96
BER_3749_007860_007980.rttm,0.00,0.60,0.00
BER_3749_009540_009660.rttm,99.27,19.21,19.07
BER_3749_009720_009840.rttm,100.00,0.00,0.00
BER_3749_011280_011400.rttm,100.00,0.00,0.00
BER_3749_011640_011760.rttm,100.00,0.00,0.00
BER_3749_017640_017760.rttm,88.89,43.13,38.34
BER_3749_019920_020040.rttm,95.46,27.53,26.28
BER_3749_021240_021360.rttm,100.00,0.00,0.00
BER_3749_026400_026520.rttm,100.00,0.00,0.00
BER_3749_028920_029040.rttm,93.41,12.59,11.76
BER_3749_034680_034800.rttm,97.98,51.99,50.94
BER_3749_043560_043680.rttm,90.18,47.67,42.99
BER_3895_003780_003900.rttm,60.00,0.60,0.36
BER_3895_006120_006240.rttm,100.00,0.00,0.00
BER_3895_009300_009420.rttm,83.38,13.96,11.64
BER_3895_012180_012300.rttm,89.48,54.55,48.81
BER_3895_013020_013140.rttm,89.53,49.84,44.62
BER_3895_013440_013560.rttm,96.17,78.89,75.87
BER_3895_014940_015060.rttm,86.13,46.08,39.69
BER_3895_021660_021780.rttm,9.21,37.45,3.45
BER_3895_027120_027240.rttm,97.00,11.35,11.01
BER_3895_030120_030240.rttm,73.02,13.90,10.15
BER_3895_030480_030600.rttm,64.59,34.76,22.45
BER_3895_033060_033180.rttm,20.47,8.06,1.65
BER_3895_037560_037680.rttm,100.00,0.00,0.00
BER_3895_043560_043680.rttm,82.43,71.99,59.34
BER_3895_047220_047340.rttm,21.37,41.32,8.83
BER_5750_004860_004980.rttm,93.55,30.22,28.27
BER_5750_006420_006540.rttm,92.02,26.56,24.44
BER_5750_008100_008220.rttm,100.00,16.16,16.16
BER_5750_010560_010680.rttm,97.29,37.97,36.94
BER_5750_022500_022620.rttm,100.00,0.00,0.00
BER_5750_027060_027180.rttm,95.22,66.56,63.38
BER_5750_029340_029460.rttm,84.75,27.48,23.29
BER_5750_029760_029880.rttm,78.65,49.13,38.64
BER_5750_030120_030240.rttm,52.08,30.99,16.14
BER_5750_030420_030540.rttm,64.17,57.69,37.02
BER_5750_034560_034680.rttm,100.00,0.00,0.00
BER_5750_038520_038640.rttm,100.00,0.00,0.00
BER_5750_039300_039420.rttm,100.00,0.00,0.00
BER_5750_039840_039960.rttm,100.00,0.00,0.00
BER_5750_040800_040920.rttm,100.00,0.00,0.00
BER_6035_008160_008280.rttm,96.00,14.51,13.93
BER_6035_010680_010800.rttm,88.55,38.95,34.49
BER_6035_013920_014040.rttm,83.25,78.10,65.02
BER_6035_018600_018720.rttm,100.00,0.00,0.00
BER_6035_019380_019500.rttm,100.00,0.00,0.00
BER_6035_021240_021360.rttm,100.00,0.00,0.00
BER_6035_022140_022260.rttm,100.00,0.00,0.00
BER_6035_026940_027060.rttm,96.08,32.64,31.36
BER_6035_027780_027900.rttm,85.15,36.10,30.74
BER_6035_030300_030420.rttm,90.13,35.75,32.22
BER_6035_030840_030960.rttm,95.88,3.40,3.26
BER_6035_037980_038100.rttm,100.00,0.00,0.00
BER_6035_041460_041580.rttm,100.00,0.00,0.00
BER_6035_045540_045660.rttm,100.00,0.00,0.00
BER_6035_049440_049560.rttm,100.00,0.00,0.00
BER_7758_003780_003900.rttm,69.01,19.20,13.25
BER_7758_004740_004860.rttm,74.68,25.36,18.94
BER_7758_010440_010560.rttm,66.67,0.60,0.40
BER_7758_010740_010860.rttm,88.61,4.83,4.28
BER_7758_012180_012300.rttm,88.33,3.77,3.33
BER_7758_019140_019260.rttm,87.36,63.59,55.55
BER_7758_021540_021660.rttm,100.00,0.00,0.00
BER_7758_026700_026820.rttm,100.00,0.00,0.00
BER_7758_027600_027720.rttm,100.00,0.00,0.00
BER_7758_027960_028080.rttm,100.00,0.00,0.00
BER_7758_029940_030060.rttm,63.45,10.15,6.44
BER_7758_031380_031500.rttm,100.00,0.00,0.00
BER_7758_032520_032640.rttm,100.00,0.00,0.00
BER_7758_034260_034380.rttm,100.00,0.00,0.00
BER_7758_038460_038580.rttm,74.89,26.09,19.54
C01_20170706_002040_002100.rttm,90.49,14.20,12.85
C01_20170706_005640_005700.rttm,88.49,2.52,2.23
C01_20170706_009240_009300.rttm,7.41,11.61,0.86
C01_20170706_012840_012900.rttm,100.00,0.00,0.00
C01_20170706_016440_016500.rttm,100.00,0.00,0.00
C01_20170706_020040_020100.rttm,100.00,0.00,0.00
C01_20170706_023640_023700.rttm,0.00,0.81,0.00
C01_20170706_027240_027300.rttm,100.00,0.00,0.00
C01_20170706_030840_030900.rttm,100.00,0.00,0.00
C01_20170706_034440_034500.rttm,100.00,0.00,0.00
C01_20170706_038040_038100.rttm,0.00,0.60,0.00
C01_20170706_041640_041700.rttm,100.00,0.00,0.00
C01_20170706_045240_045300.rttm,100.00,0.00,0.00
C01_20170706_048840_048900.rttm,100.00,0.00,0.00
C01_20170706_052440_052500.rttm,55.07,19.92,10.97
C01_20170706_056040_056100.rttm,100.00,0.00,0.00
C01_20170718_002040_002100.rttm,69.39,10.42,7.23
C01_20170718_005640_005700.rttm,77.28,5.81,4.49
C01_20170718_009240_009300.rttm,86.04,15.19,13.07
C01_20170718_012840_012900.rttm,100.00,0.00,0.00
C01_20170718_016440_016500.rttm,41.79,5.91,2.47
C01_20170718_020040_020100.rttm,74.16,7.16,5.31
C01_20170718_023640_023700.rttm,81.77,14.21,11.62
C01_20170718_027240_027300.rttm,62.35,2.55,1.59
C01_20170718_030840_030900.rttm,0.00,2.60,0.00
C01_20170718_034440_034500.rttm,86.63,24.45,21.18
C01_20170718_038040_038100.rttm,33.26,21.50,7.15
C01_20170718_041640_041700.rttm,83.52,2.61,2.18
C01_20170718_045240_045300.rttm,100.00,0.00,0.00
C01_20170718_048840_048900.rttm,100.00,0.00,0.00
C01_20170718_052440_052500.rttm,100.00,0.00,0.00
C01_20170718_056040_056100.rttm,100.00,0.00,0.00
C04_20170707_002040_002100.rttm,92.51,22.15,20.49
C04_20170707_005640_005700.rttm,88.33,1.20,1.06
C04_20170707_009240_009300.rttm,82.85,25.43,21.07
C04_20170707_012840_012900.rttm,85.09,11.60,9.87
C04_20170707_016440_016500.rttm,96.00,25.99,24.95
C04_20170707_020040_020100.rttm,100.00,0.00,0.00
C04_20170707_023640_023700.rttm,100.00,0.00,0.00
C04_20170707_027240_027300.rttm,84.33,33.19,27.99
C04_20170707_030840_030900.rttm,51.27,9.81,5.03
C04_20170707_034440_034500.rttm,77.82,24.89,19.37
C04_20170707_038040_038100.rttm,91.69,5.90,5.41
C04_20170707_041640_041700.rttm,57.14,1.33,0.76
C04_20170707_045240_045300.rttm,100.00,0.00,0.00
C04_20170707_048840_048900.rttm,100.00,0.00,0.00
C04_20170707_052440_052500.rttm,100.00,0.00,0.00
C04_20170707_056040_056100.rttm,100.00,0.00,0.00
C09_20170708_002040_002100.rttm,55.81,3.87,2.16
C09_20170708_005640_005700.rttm,80.31,7.62,6.12
C09_20170708_009240_009300.rttm,57.54,13.73,7.90
C09_20170708_012840_012900.rttm,75.66,23.05,17.44
C09_20170708_016440_016500.rttm,77.71,4.71,3.66
C09_20170708_020040_020100.rttm,82.97,15.44,12.81
C09_20170708_023640_023700.rttm,0.00,0.73,0.00
C09_20170708_027240_027300.rttm,88.75,23.91,21.22
C09_20170708_030840_030900.rttm,100.00,0.00,0.00
C09_20170708_034440_034500.rttm,100.00,0.00,0.00
C09_20170708_038040_038100.rttm,100.00,0.00,0.00
C09_20170708_041640_041700.rttm,100.00,0.00,0.00
C09_20170708_045240_045300.rttm,100.00,0.00,0.00
C09_20170708_048840_048900.rttm,100.00,0.00,0.00
C09_20170708_052440_052500.rttm,100.00,0.00,0.00
C09_20170708_056040_056100.rttm,100.00,0.00,0.00
C10_20170709_002040_002100.rttm,45.67,26.54,12.12
C10_20170709_005640_005700.rttm,0.00,1.03,0.00
C10_20170709_009240_009300.rttm,84.14,18.66,15.70
C10_20170709_012840_012900.rttm,34.72,12.01,4.17
C10_20170709_016440_016500.rttm,71.98,13.99,10.07
C10_20170709_020040_020100.rttm,83.78,25.95,21.74
C10_20170709_023640_023700.rttm,32.85,15.13,4.97
C10_20170709_027240_027300.rttm,70.02,19.28,13.50
C10_20170709_030840_030900.rttm,43.04,1.58,0.68
C10_20170709_034440_034500.rttm,70.03,18.95,13.27
C10_20170709_038040_038100.rttm,90.50,46.09,41.71
C10_20170709_041640_041700.rttm,100.00,0.00,0.00
C10_20170709_045240_045300.rttm,100.00,0.00,0.00
C10_20170709_048840_048900.rttm,100.00,0.00,0.00
C10_20170709_052440_052500.rttm,100.00,0.00,0.00
C10_20170709_056040_056100.rttm,100.00,0.00,0.00
C11_20170709_002040_002100.rttm,77.03,43.41,33.44
C11_20170709_005640_005700.rttm,100.00,0.00,0.00
C11_20170709_009240_009300.rttm,100.00,0.00,0.00
C11_20170709_012840_012900.rttm,100.00,0.00,0.00
C11_20170709_016440_016500.rttm,57.69,24.20,13.96
C11_20170709_020040_020100.rttm,83.35,8.59,7.16
C11_20170709_023640_023700.rttm,80.00,12.15,9.72
C11_20170709_027240_027300.rttm,80.23,30.10,24.15
C11_20170709_030840_030900.rttm,88.27,20.98,18.52
C11_20170709_034440_034500.rttm,58.84,34.67,20.40
C11_20170709_038040_038100.rttm,54.52,11.17,6.09
C11_20170709_041640_041700.rttm,0.00,10.85,0.00
C11_20170709_045240_045300.rttm,100.00,0.81,0.81
C11_20170709_048840_048900.rttm,100.00,0.00,0.00
C11_20170709_052440_052500.rttm,100.00,0.00,0.00
C11_20170709_056040_056100.rttm,100.00,0.00,0.00
C11_20170718_002040_002100.rttm,100.00,0.78,0.78
C11_20170718_005640_005700.rttm,90.12,0.81,0.73
C11_20170718_009240_009300.rttm,0.00,1.00,0.00
C11_20170718_012840_012900.rttm,100.00,0.00,0.00
C11_20170718_016440_016500.rttm,100.00,0.00,0.00
C11_20170718_020040_020100.rttm,100.00,0.00,0.00
C11_20170718_023640_023700.rttm,100.00,0.00,0.00
C11_20170718_027240_027300.rttm,100.00,0.00,0.00
C11_20170718_030840_030900.rttm,100.00,0.00,0.00
C11_20170718_034440_034500.rttm,100.00,0.00,0.00
C11_20170718_038040_038100.rttm,100.00,0.00,0.00
C11_20170718_041640_041700.rttm,100.00,0.00,0.00
C11_20170718_045240_045300.rttm,100.00,0.00,0.00
C11_20170718_048840_048900.rttm,54.47,9.29,5.06
C11_20170718_052440_052500.rttm,85.00,21.00,17.85
C11_20170718_056040_056100.rttm,70.02,6.57,4.60
C12_20170709_002040_002100.rttm,71.98,4.64,3.34
C12_20170709_005640_005700.rttm,85.23,22.81,19.44
C12_20170709_009240_009300.rttm,79.55,4.40,3.50
C12_20170709_012840_012900.rttm,92.33,24.24,22.38
C12_20170709_016440_016500.rttm,72.98,16.06,11.72
C12_20170709_020040_020100.rttm,75.06,8.90,6.68
C12_20170709_023640_023700.rttm,93.13,4.66,4.34
C12_20170709_027240_027300.rttm,93.68,26.42,24.75
C12_20170709_030840_030900.rttm,76.22,9.42,7.18
C12_20170709_034440_034500.rttm,80.28,14.76,11.85
C12_20170709_038040_038100.rttm,57.77,18.92,10.93
C12_20170709_041640_041700.rttm,93.84,2.11,1.98
C12_20170709_045240_045300.rttm,100.00,0.00,0.00
C12_20170709_048840_048900.rttm,100.00,0.00,0.00
C12_20170709_052440_052500.rttm,100.00,0.00,0.00
C12_20170709_056040_056100.rttm,100.00,0.00,0.00
C15_20170710_002040_002100.rttm,64.91,16.93,10.99
C15_20170710_005640_005700.rttm,67.95,16.35,11.11
C15_20170710_009240_009300.rttm,96.25,8.81,8.48
C15_20170710_012840_012900.rttm,0.00,24.03,0.00
C15_20170710_016440_016500.rttm,0.00,4.60,0.00
C15_20170710_020040_020100.rttm,0.00,37.25,0.00
C15_20170710_023640_023700.rttm,0.00,3.03,0.00
C15_20170710_027240_027300.rttm,0.00,4.03,0.00
C15_20170710_030840_030900.rttm,0.00,8.62,0.00
C15_20170710_034440_034500.rttm,0.00,14.35,0.00
C15_20170710_038040_038100.rttm,100.00,0.00,0.00
C15_20170710_041640_041700.rttm,100.00,0.00,0.00
C15_20170710_045240_045300.rttm,100.00,0.00,0.00
C15_20170710_048840_048900.rttm,100.00,0.00,0.00
C15_20170710_052440_052500.rttm,100.00,0.00,0.00
C15_20170710_056040_056100.rttm,100.00,0.00,0.00
C16_20170710_002040_002100.rttm,78.52,23.37,18.35
C16_20170710_005640_005700.rttm,76.74,10.62,8.15
C16_20170710_009240_009300.rttm,84.74,22.09,18.72
C16_20170710_012840_012900.rttm,86.67,6.15,5.33
C16_20170710_016440_016500.rttm,52.05,1.46,0.76
C16_20170710_020040_020100.rttm,75.15,13.32,10.01
C16_20170710_023640_023700.rttm,90.86,18.60,16.90
C16_20170710_027240_027300.rttm,23.64,16.88,3.99
C16_20170710_030840_030900.rttm,20.85,16.93,3.53
C16_20170710_034440_034500.rttm,100.00,0.00,0.00
C16_20170710_038040_038100.rttm,100.00,0.00,0.00
C16_20170710_041640_041700.rttm,100.00,0.00,0.00
C16_20170710_045240_045300.rttm,100.00,0.00,0.00
C16_20170710_048840_048900.rttm,100.00,0.00,0.00
C16_20170710_052440_052500.rttm,100.00,0.00,0.00
C16_20170710_056040_056100.rttm,100.00,0.00,0.00
C18_20170711_002040_002100.rttm,60.73,17.06,10.36
C18_20170711_005640_005700.rttm,91.22,8.20,7.48
C18_20170711_009240_009300.rttm,92.53,6.69,6.19
C18_20170711_012840_012900.rttm,71.68,26.24,18.81
C18_20170711_016440_016500.rttm,49.27,23.44,11.55
C18_20170711_020040_020100.rttm,89.13,24.46,21.80
C18_20170711_023640_023700.rttm,65.91,33.53,22.10
C18_20170711_027240_027300.rttm,63.70,13.36,8.51
C18_20170711_030840_030900.rttm,82.56,13.36,11.03
C18_20170711_034440_034500.rttm,75.00,9.20,6.90
C18_20170711_038040_038100.rttm,100.00,0.00,0.00
C18_20170711_041640_041700.rttm,100.00,0.00,0.00
C18_20170711_045240_045300.rttm,100.00,0.00,0.00
C18_20170711_048840_048900.rttm,100.00,0.00,0.00
C18_20170711_052440_052500.rttm,100.00,0.00,0.00
C18_20170711_056040_056100.rttm,100.00,0.00,0.00
C18_20170718_002040_002100.rttm,67.82,5.22,3.54
C18_20170718_005640_005700.rttm,100.00,0.00,0.00
C18_20170718_009240_009300.rttm,100.00,0.00,0.00
C18_20170718_012840_012900.rttm,100.00,0.00,0.00
C18_20170718_016440_016500.rttm,100.00,0.00,0.00
C18_20170718_020040_020100.rttm,100.00,0.00,0.00
C18_20170718_023640_023700.rttm,100.00,0.00,0.00
C18_20170718_027240_027300.rttm,100.00,0.00,0.00
C18_20170718_030840_030900.rttm,0.00,0.60,0.00
C18_20170718_034440_034500.rttm,100.00,0.00,0.00
C18_20170718_038040_038100.rttm,100.00,0.00,0.00
C18_20170718_041640_041700.rttm,100.00,0.00,0.00
C18_20170718_045240_045300.rttm,84.94,25.57,21.72
C18_20170718_048840_048900.rttm,88.01,30.77,27.08
C18_20170718_052440_052500.rttm,69.06,33.97,23.46
C18_20170718_056040_056100.rttm,50.00,1.82,0.91
C20_20170711_002040_002100.rttm,80.19,20.14,16.15
C20_20170711_005640_005700.rttm,88.51,13.40,11.86
C20_20170711_009240_009300.rttm,58.30,33.43,19.49
C20_20170711_012840_012900.rttm,81.54,17.88,14.58
C20_20170711_016440_016500.rttm,97.86,2.80,2.74
C20_20170711_020040_020100.rttm,95.03,12.68,12.05
C20_20170711_023640_023700.rttm,92.10,4.81,4.43
C20_20170711_027240_027300.rttm,40.38,11.69,4.72
C20_20170711_030840_030900.rttm,57.19,6.19,3.54
C20_20170711_034440_034500.rttm,91.80,0.61,0.56
C20_20170711_038040_038100.rttm,63.09,6.99,4.41
C20_20170711_041640_041700.rttm,0.00,2.73,0.00
C20_20170711_045240_045300.rttm,100.00,0.00,0.00
C20_20170711_048840_048900.rttm,100.00,0.00,0.00
C20_20170711_052440_052500.rttm,100.00,0.00,0.00
C20_20170711_056040_056100.rttm,100.00,0.00,0.00
C22_20170717_002040_002100.rttm,78.80,6.98,5.50
C22_20170717_005640_005700.rttm,65.09,17.99,11.71
C22_20170717_009240_009300.rttm,0.00,0.81,0.00
C22_20170717_012840_012900.rttm,100.00,0.00,0.00
C22_20170717_016440_016500.rttm,100.00,0.00,0.00
C22_20170717_020040_020100.rttm,100.00,0.00,0.00
C22_20170717_023640_023700.rttm,100.00,0.00,0.00
C22_20170717_027240_027300.rttm,100.00,0.00,0.00
C22_20170717_030840_030900.rttm,100.00,0.00,0.00
C22_20170717_034440_034500.rttm,100.00,0.00,0.00
C22_20170717_038040_038100.rttm,100.00,0.00,0.00
C22_20170717_041640_041700.rttm,100.00,0.00,0.00
C22_20170717_045240_045300.rttm,79.49,7.46,5.93
C22_20170717_048840_048900.rttm,90.31,15.48,13.98
C22_20170717_052440_052500.rttm,88.31,15.23,13.45
C22_20170717_056040_056100.rttm,96.57,18.10,17.48
C24_20170712_002040_002100.rttm,68.24,16.09,10.98
C24_20170712_005640_005700.rttm,100.00,0.00,0.00
C24_20170712_009240_009300.rttm,0.00,1.23,0.00
C24_20170712_012840_012900.rttm,0.00,0.60,0.00
C24_20170712_016440_016500.rttm,12.73,23.56,3.00
C24_20170712_020040_020100.rttm,57.09,10.58,6.04
C24_20170712_023640_023700.rttm,96.84,37.04,35.87
C24_20170712_027240_027300.rttm,85.20,14.05,11.97
C24_20170712_030840_030900.rttm,100.00,0.00,0.00
C24_20170712_034440_034500.rttm,0.00,0.13,0.00
C24_20170712_038040_038100.rttm,96.98,3.97,3.85
C24_20170712_041640_041700.rttm,4.65,18.07,0.84
C24_20170712_045240_045300.rttm,100.00,0.00,0.00
C24_20170712_048840_048900.rttm,100.00,0.00,0.00
C24_20170712_052440_052500.rttm,100.00,0.00,0.00
C24_20170712_056040_056100.rttm,100.00,0.00,0.00
C24_20170719_002040_002100.rttm,65.49,20.66,13.53
C24_20170719_005640_005700.rttm,89.97,19.85,17.86
C24_20170719_009240_009300.rttm,27.08,10.34,2.80
C24_20170719_012840_012900.rttm,0.00,0.62,0.00
C24_20170719_016440_016500.rttm,94.92,7.09,6.73
C24_20170719_020040_020100.rttm,54.56,30.68,16.74
C24_20170719_023640_023700.rttm,84.49,6.06,5.12
C24_20170719_027240_027300.rttm,87.16,11.45,9.98
C24_20170719_030840_030900.rttm,90.35,10.78,9.74
C24_20170719_034440_034500.rttm,86.56,7.07,6.12
C24_20170719_038040_038100.rttm,100.00,0.00,0.00
C24_20170719_041640_041700.rttm,100.00,0.00,0.00
C24_20170719_045240_045300.rttm,0.00,0.60,0.00
C24_20170719_048840_048900.rttm,100.00,0.00,0.00
C24_20170719_052440_052500.rttm,100.00,0.00,0.00
C24_20170719_056040_056100.rttm,100.00,0.00,0.00
C25_20170719_002040_002100.rttm,80.19,13.48,10.81
C25_20170719_005640_005700.rttm,8.15,8.59,0.70
C25_20170719_009240_009300.rttm,91.14,8.92,8.13
C25_20170719_012840_012900.rttm,90.05,14.27,12.85
C25_20170719_016440_016500.rttm,91.09,54.54,49.68
C25_20170719_020040_020100.rttm,35.53,15.76,5.60
C25_20170719_023640_023700.rttm,73.72,33.91,25.00
C25_20170719_027240_027300.rttm,57.81,28.37,16.40
C25_20170719_030840_030900.rttm,63.82,38.31,24.45
C25_20170719_034440_034500.rttm,100.00,0.00,0.00
C25_20170719_038040_038100.rttm,0.00,2.64,0.00
C25_20170719_041640_041700.rttm,100.00,0.00,0.00
C25_20170719_045240_045300.rttm,0.00,1.62,0.00
C25_20170719_048840_048900.rttm,0.00,2.25,0.00
C25_20170719_052440_052500.rttm,100.00,0.00,0.00
C25_20170719_056040_056100.rttm,68.28,30.55,20.86
ROW_1156_001980_002100.rttm,86.12,69.81,60.12
ROW_1156_010140_010260.rttm,88.20,67.88,59.87
ROW_1156_011580_011700.rttm,85.75,64.51,55.32
ROW_1156_013140_013260.rttm,91.78,77.69,71.30
ROW_1156_019680_019800.rttm,82.38,22.19,18.28
ROW_1156_022260_022380.rttm,83.56,23.29,19.46
ROW_1156_025800_025920.rttm,78.03,11.29,8.81
ROW_1156_034500_034620.rttm,89.68,30.14,27.03
ROW_1156_034860_034980.rttm,73.65,23.38,17.22
ROW_1156_038220_038340.rttm,85.24,37.81,32.23
ROW_1156_040020_040140.rttm,100.00,0.00,0.00
ROW_1156_043020_043140.rttm,100.00,0.00,0.00
ROW_1156_046020_046140.rttm,100.00,0.00,0.00
ROW_1156_048600_048720.rttm,100.00,0.00,0.00
ROW_1156_054300_054420.rttm,100.00,0.00,0.00
ROW_1735_001920_002040.rttm,73.79,41.28,30.46
ROW_1735_010020_010140.rttm,71.26,15.90,11.33
ROW_1735_015060_015180.rttm,85.80,55.16,47.33
ROW_1735_016800_016920.rttm,37.83,33.70,12.75
ROW_1735_017160_017280.rttm,39.03,35.61,13.90
ROW_1735_021480_021600.rttm,89.51,15.16,13.57
ROW_1735_030120_030240.rttm,85.53,8.50,7.27
ROW_1735_031260_031380.rttm,82.51,62.32,51.42
ROW_1735_032340_032460.rttm,72.66,58.20,42.29
ROW_1735_039120_039240.rttm,89.45,40.93,36.61
ROW_1735_040620_040740.rttm,87.39,63.06,55.11
ROW_1735_041520_041640.rttm,84.88,4.43,3.76
ROW_1735_044820_044940.rttm,100.00,0.00,0.00
ROW_1735_047580_047700.rttm,100.00,0.00,0.00
ROW_1735_050460_050580.rttm,100.00,0.00,0.00
ROW_1768_008100_008220.rttm,82.94,44.78,37.14
ROW_1768_009180_009300.rttm,73.95,38.97,28.82
ROW_1768_014220_014340.rttm,84.02,57.57,48.37
ROW_1768_016920_017040.rttm,69.51,38.73,26.92
ROW_1768_022440_022560.rttm,75.26,29.22,21.99
ROW_1768_023040_023160.rttm,65.73,11.76,7.73
ROW_1768_023400_023520.rttm,74.30,6.11,4.54
ROW_1768_030000_030120.rttm,70.78,19.27,13.64
ROW_1768_030300_030420.rttm,28.15,17.69,4.98
ROW_1768_032580_032700.rttm,78.14,43.45,33.95
ROW_1768_033540_033660.rttm,64.96,43.01,27.94
ROW_1768_034620_034740.rttm,100.00,0.00,0.00
ROW_1768_035220_035340.rttm,81.64,69.94,57.10
ROW_1768_036720_036840.rttm,100.00,0.00,0.00
ROW_1768_044340_044460.rttm,100.00,0.00,0.00
ROW_2745_007200_007320.rttm,67.93,24.45,16.61
ROW_2745_014700_014820.rttm,61.45,32.24,19.81
ROW_2745_017940_018060.rttm,60.66,5.77,3.50
ROW_2745_020160_020280.rttm,55.74,0.61,0.34
ROW_2745_023760_023880.rttm,100.00,0.00,0.00
ROW_2745_026760_026880.rttm,0.00,5.39,0.00
ROW_2745_031260_031380.rttm,77.00,1.00,0.77
ROW_2745_033360_033480.rttm,43.52,12.96,5.64
ROW_2745_033720_033840.rttm,75.55,5.93,4.48
ROW_2745_033960_034080.rttm,69.34,15.98,11.08
ROW_2745_034980_035100.rttm,35.37,13.57,4.80
ROW_2745_039900_040020.rttm,73.10,50.49,36.91
ROW_2745_040800_040920.rttm,76.02,25.56,19.43
ROW_2745_044160_044280.rttm,0.00,0.61,0.00
ROW_2745_053040_053160.rttm,100.00,0.00,0.00
ROW_3486_008160_008280.rttm,71.69,3.25,2.33
ROW_3486_010620_010740.rttm,73.75,38.17,28.15
ROW_3486_022380_022500.rttm,78.79,45.49,35.84
ROW_3486_026400_026520.rttm,82.66,36.27,29.98
ROW_3486_027960_028080.rttm,77.27,41.58,32.13
ROW_3486_030660_030780.rttm,74.77,18.27,13.66
ROW_3486_033060_033180.rttm,13.41,54.45,7.30
ROW_3486_039660_039780.rttm,100.00,0.00,0.00
ROW_3486_041460_041580.rttm,100.00,0.00,0.00
ROW_3486_047220_047340.rttm,100.00,0.00,0.00
ROW_3486_049500_049620.rttm,100.00,0.00,0.00
ROW_3486_050040_050160.rttm,100.00,0.00,0.00
ROW_3486_050400_050520.rttm,100.00,0.00,0.00
ROW_3486_050940_051060.rttm,100.00,0.00,0.00
ROW_3486_051300_051420.rttm,100.00,0.00,0.00
ROW_7798_009660_009780.rttm,76.80,12.37,9.50
ROW_7798_012420_012540.rttm,100.00,0.00,0.00
ROW_7798_013800_013920.rttm,100.00,0.00,0.00
ROW_7798_014400_014520.rttm,100.00,0.00,0.00
ROW_7798_017580_017700.rttm,75.72,5.19,3.93
ROW_7798_017880_018000.rttm,89.88,47.54,42.73
ROW_7798_019560_019680.rttm,75.09,39.22,29.45
ROW_7798_030780_030900.rttm,90.18,67.34,60.73
ROW_7798_033240_033360.rttm,86.18,79.08,68.15
ROW_7798_037020_037140.rttm,100.00,0.00,0.00
ROW_7798_040380_040500.rttm,88.85,11.12,9.88
ROW_7798_044580_044700.rttm,75.60,48.08,36.35
ROW_7798_050580_050700.rttm,80.77,23.24,18.77
ROW_7798_051420_051540.rttm,100.00,0.00,0.00
ROW_7798_056220_056340.rttm,100.00,0.00,0.00
ROW_8357_002820_002940.rttm,72.15,11.49,8.29
ROW_8357_006900_007020.rttm,88.69,53.59,47.53
ROW_8357_007620_007740.rttm,73.17,44.20,32.34
ROW_8357_012660_012780.rttm,76.57,41.31,31.63
ROW_8357_019560_019680.rttm,91.43,13.18,12.05
ROW_8357_020220_020340.rttm,91.41,15.01,13.72
ROW_8357_021540_021660.rttm,86.42,18.71,16.17
ROW_8357_027960_028080.rttm,57.56,14.94,8.60
ROW_8357_030300_030420.rttm,80.46,15.20,12.23
ROW_8357_041400_041520.rttm,85.06,78.39,66.68
ROW_8357_042720_042840.rttm,91.97,24.15,22.21
ROW_8357_053160_053280.rttm,100.00,0.00,0.00
ROW_8357_053280_053400.rttm,100.00,0.00,0.00
ROW_8357_055860_055980.rttm,100.00,0.00,0.00
ROW_8357_057000_057120.rttm,100.00,0.00,0.00
ROW_9408_003780_003900.rttm,87.42,12.00,10.49
ROW_9408_004800_004920.rttm,81.59,16.02,13.07
ROW_9408_008820_008940.rttm,89.79,16.26,14.60
ROW_9408_014880_015000.rttm,85.01,25.89,22.01
ROW_9408_018540_018660.rttm,100.00,0.00,0.00
ROW_9408_019380_019500.rttm,66.46,6.41,4.26
ROW_9408_026100_026220.rttm,83.00,1.00,0.83
ROW_9408_033360_033480.rttm,83.70,34.53,28.90
ROW_9408_035580_035700.rttm,100.00,0.00,0.00
ROW_9408_036300_036420.rttm,100.00,0.00,0.00
ROW_9408_037500_037620.rttm,100.00,0.00,0.00
ROW_9408_039540_039660.rttm,100.00,0.00,0.00
ROW_9408_042120_042240.rttm,100.00,0.00,0.00
ROW_9408_043080_043200.rttm,100.00,0.00,0.00
ROW_9408_046140_046260.rttm,100.00,0.00,0.00
ROW_9492_003780_003900.rttm,68.99,59.18,40.83
ROW_9492_004560_004680.rttm,83.09,69.26,57.55
ROW_9492_006180_006300.rttm,84.85,55.63,47.20
ROW_9492_007020_007140.rttm,0.00,9.27,0.00
ROW_9492_007380_007500.rttm,100.00,2.17,2.17
ROW_9492_011100_011220.rttm,81.49,20.20,16.46
ROW_9492_011340_011460.rttm,91.26,58.15,53.07
ROW_9492_015240_015360.rttm,91.02,2.45,2.23
ROW_9492_026220_026340.rttm,6.52,1.84,0.12
ROW_9492_027960_028080.rttm,78.30,24.38,19.09
ROW_9492_037200_037320.rttm,100.00,0.68,0.68
ROW_9492_044280_044400.rttm,100.00,0.00,0.00
ROW_9492_046020_046140.rttm,100.00,0.00,0.00
ROW_9492_047820_047940.rttm,100.00,0.00,0.00
ROW_9492_048180_048300.rttm,81.21,8.57,6.96
ROW_9801_002100_002220.rttm,82.07,62.18,51.03
ROW_9801_007440_007560.rttm,0.00,2.00,0.00
ROW_9801_008820_008940.rttm,90.63,48.12,43.61
ROW_9801_011340_011460.rttm,98.69,11.44,11.29
ROW_9801_012840_012960.rttm,97.37,33.41,32.53
ROW_9801_014760_014880.rttm,60.67,4.78,2.90
ROW_9801_019260_019380.rttm,91.04,56.61,51.54
ROW_9801_021720_021840.rttm,75.18,12.77,9.60
ROW_9801_026580_026700.rttm,100.00,0.00,0.00
ROW_9801_028740_028860.rttm,85.11,42.03,35.77
ROW_9801_035400_035520.rttm,86.20,23.47,20.23
ROW_9801_036900_037020.rttm,90.55,32.69,29.60
ROW_9801_043620_043740.rttm,89.57,71.88,64.38
ROW_9801_055020_055140.rttm,100.00,0.00,0.00
ROW_9801_056040_056160.rttm,100.00,0.00,0.00
SOD_1499_006120_006240.rttm,67.41,51.52,34.73
SOD_1499_007500_007620.rttm,88.10,15.80,13.92
SOD_1499_008580_008700.rttm,55.94,34.45,19.27
SOD_1499_010980_011100.rttm,92.11,49.70,45.78
SOD_1499_012720_012840.rttm,84.65,57.84,48.96
SOD_1499_015420_015540.rttm,41.91,3.03,1.27
SOD_1499_016260_016380.rttm,82.35,0.17,0.14
SOD_1499_017340_017460.rttm,88.09,46.26,40.75
SOD_1499_017820_017940.rttm,87.82,39.15,34.38
SOD_1499_020040_020160.rttm,93.10,1.45,1.35
SOD_1499_021660_021780.rttm,98.89,8.08,7.99
SOD_1499_023040_023160.rttm,96.78,22.02,21.31
SOD_1499_024300_024420.rttm,54.20,1.31,0.71
SOD_1499_025740_025860.rttm,94.33,2.82,2.66
SOD_1499_027540_027660.rttm,98.93,2.80,2.77
SOD_3542_003120_003240.rttm,94.17,71.24,67.09
SOD_3542_003900_004020.rttm,73.90,24.60,18.18
SOD_3542_004920_005040.rttm,90.38,56.77,51.31
SOD_3542_005220_005340.rttm,96.55,44.89,43.34
SOD_3542_006060_006180.rttm,97.82,12.39,12.12
SOD_3542_006360_006480.rttm,89.71,31.10,27.90
SOD_3542_010080_010200.rttm,82.69,3.35,2.77
SOD_3542_010500_010620.rttm,98.16,7.59,7.45
SOD_3542_011580_011700.rttm,93.83,29.65,27.82
SOD_3542_015540_015660.rttm,96.94,17.31,16.78
SOD_3542_017220_017340.rttm,77.13,4.46,3.44
SOD_3542_018180_018300.rttm,79.25,71.62,56.76
SOD_3542_019020_019140.rttm,81.08,18.39,14.91
SOD_3542_020700_020820.rttm,87.16,18.69,16.29
SOD_3542_021480_021600.rttm,100.00,0.00,0.00
SOD_3634_004260_004380.rttm,100.00,0.00,0.00
SOD_3634_004860_004980.rttm,77.35,3.09,2.39
SOD_3634_007260_007380.rttm,100.00,0.00,0.00
SOD_3634_010860_010980.rttm,83.99,3.06,2.57
SOD_3634_017520_017640.rttm,96.83,31.50,30.50
SOD_3634_022140_022260.rttm,100.00,0.00,0.00
SOD_3634_022620_022740.rttm,100.00,0.00,0.00
SOD_3634_023040_023160.rttm,100.00,0.00,0.00
SOD_3634_023940_024060.rttm,100.00,0.00,0.00
SOD_3634_024540_024660.rttm,100.00,0.00,0.00
SOD_3634_025320_025440.rttm,100.00,0.00,0.00
SOD_3634_026100_026220.rttm,100.00,0.00,0.00
SOD_3634_028140_028260.rttm,100.00,0.00,0.00
SOD_3634_033000_033120.rttm,84.06,13.30,11.18
SOD_3634_036120_036240.rttm,24.25,32.49,7.88
SOD_4483_002100_002220.rttm,69.65,24.81,17.28
SOD_4483_002700_002820.rttm,81.24,34.38,27.93
SOD_4483_003120_003240.rttm,50.09,16.49,8.26
SOD_4483_003420_003540.rttm,63.39,3.66,2.32
SOD_4483_003780_003900.rttm,100.00,0.00,0.00
SOD_4483_004200_004320.rttm,49.30,2.13,1.05
SOD_4483_004560_004680.rttm,87.36,11.39,9.95
SOD_4483_004860_004980.rttm,84.22,8.05,6.78
SOD_4483_004980_005100.rttm,77.86,11.52,8.97
SOD_4483_005280_005400.rttm,88.00,26.91,23.68
SOD_4483_005460_005580.rttm,48.16,20.93,10.08
SOD_4483_005760_005880.rttm,85.62,49.17,42.10
SOD_4483_006120_006240.rttm,79.81,41.16,32.85
SOD_4483_006240_006360.rttm,81.32,76.38,62.11
SOD_4483_006600_006720.rttm,83.25,19.82,16.50
SOD_4736_004440_004560.rttm,0.00,7.82,0.00
SOD_4736_005760_005880.rttm,0.00,15.50,0.00
SOD_4736_008940_009060.rttm,0.00,26.51,0.00
SOD_4736_009720_009840.rttm,0.00,33.15,0.00
SOD_4736_011220_011340.rttm,0.00,6.08,0.00
SOD_4736_013800_013920.rttm,5.77,12.14,0.70
SOD_4736_016920_017040.rttm,0.00,29.60,0.00
SOD_4736_018360_018480.rttm,0.00,21.29,0.00
SOD_4736_018780_018900.rttm,0.00,20.91,0.00
SOD_4736_020280_020400.rttm,0.00,49.39,0.00
SOD_4736_023580_023700.rttm,0.00,1.07,0.00
SOD_4736_025740_025860.rttm,100.00,0.00,0.00
SOD_4736_026460_026580.rttm,100.00,0.00,0.00
SOD_4736_029520_029640.rttm,0.00,4.00,0.00
SOD_4736_033120_033240.rttm,100.00,0.00,0.00
SOD_8445_006660_006780.rttm,33.03,2.21,0.73
SOD_8445_011700_011820.rttm,70.57,16.04,11.32
SOD_8445_012900_013020.rttm,87.09,45.38,39.52
SOD_8445_015660_015780.rttm,100.00,0.00,0.00
SOD_8445_017580_017700.rttm,93.38,20.53,19.17
SOD_8445_019980_020100.rttm,69.03,21.83,15.07
SOD_8445_021960_022080.rttm,93.10,54.38,50.63
SOD_8445_023880_024000.rttm,70.85,7.41,5.25
SOD_8445_027600_027720.rttm,93.06,8.21,7.64
SOD_8445_029040_029160.rttm,82.63,18.19,15.03
SOD_8445_038220_038340.rttm,98.04,8.16,8.00
SOD_8445_039000_039120.rttm,30.02,22.12,6.64
SOD_8445_044340_044460.rttm,86.21,86.83,74.86
SOD_8445_048120_048240.rttm,77.61,9.11,7.07
SOD_8445_049380_049500.rttm,88.16,10.22,9.01
SOD_8924_002400_002520.rttm,81.73,33.99,27.78
SOD_8924_006360_006480.rttm,82.47,55.17,45.50
SOD_8924_007140_007260.rttm,91.69,43.21,39.62
SOD_8924_012780_012900.rttm,100.00,0.00,0.00
SOD_8924_013560_013680.rttm,100.00,0.00,0.00
SOD_8924_014820_014940.rttm,100.00,0.00,0.00
SOD_8924_015720_015840.rttm,100.00,0.00,0.00
SOD_8924_017160_017280.rttm,97.04,56.09,54.43
SOD_8924_017340_017460.rttm,96.96,52.71,51.11
SOD_8924_018240_018360.rttm,88.58,27.49,24.35
SOD_8924_018720_018840.rttm,70.38,8.34,5.87
SOD_8924_019500_019620.rttm,82.08,28.13,23.09
SOD_8924_023400_023520.rttm,80.22,19.82,15.90
SOD_8924_024480_024600.rttm,78.20,25.82,20.19
SOD_8924_028020_028140.rttm,90.73,30.21,27.41
SOD_9527_001980_002100.rttm,87.01,38.48,33.48
SOD_9527_003660_003780.rttm,87.64,21.68,19.00
SOD_9527_004800_004920.rttm,94.33,37.74,35.60
SOD_9527_007920_008040.rttm,77.20,25.22,19.47
SOD_9527_008340_008460.rttm,76.15,10.02,7.63
SOD_9527_010320_010440.rttm,100.00,0.00,0.00
SOD_9527_012060_012180.rttm,100.00,0.00,0.00
SOD_9527_013920_014040.rttm,100.00,0.00,0.00
SOD_9527_020460_020580.rttm,90.87,18.08,16.43
SOD_9527_025620_025740.rttm,67.92,9.82,6.67
SOD_9527_027240_027360.rttm,75.58,13.31,10.06
SOD_9527_032760_032880.rttm,100.00,5.88,5.88
SOD_9527_042300_042420.rttm,46.80,14.85,6.95
SOD_9527_048900_049020.rttm,100.00,0.00,0.00
SOD_9527_049500_049620.rttm,100.00,0.00,0.00
SOD_9854_003120_003240.rttm,78.63,27.00,21.23
SOD_9854_007380_007500.rttm,79.39,20.33,16.14
SOD_9854_010740_010860.rttm,30.58,19.52,5.97
SOD_9854_011460_011580.rttm,73.00,59.92,43.74
SOD_9854_012060_012180.rttm,79.22,25.55,20.24
SOD_9854_013260_013380.rttm,80.92,42.35,34.27
SOD_9854_015780_015900.rttm,74.44,19.64,14.62
SOD_9854_019380_019500.rttm,100.00,3.54,3.54
SOD_9854_020880_021000.rttm,86.26,18.99,16.38
SOD_9854_021900_022020.rttm,100.00,0.00,0.00
SOD_9854_024300_024420.rttm,100.00,0.00,0.00
SOD_9854_027480_027600.rttm,100.00,0.00,0.00
SOD_9854_028320_028440.rttm,0.00,1.00,0.00
SOD_9854_030060_030180.rttm,96.22,15.89,15.29
SOD_9854_032340_032460.rttm,80.80,18.91,15.28
SOD_9858_002580_002700.rttm,73.38,22.20,16.29
SOD_9858_003360_003480.rttm,0.00,15.03,0.00
SOD_9858_004740_004860.rttm,76.75,7.44,5.71
SOD_9858_008520_008640.rttm,100.00,0.00,0.00
SOD_9858_009600_009720.rttm,42.99,2.21,0.95
SOD_9858_011520_011640.rttm,100.00,0.00,0.00
SOD_9858_012660_012780.rttm,100.00,0.00,0.00
SOD_9858_012960_013080.rttm,100.00,0.00,0.00
SOD_9858_013800_013920.rttm,100.00,0.00,0.00
SOD_9858_015660_015780.rttm,100.00,0.00,0.00
SOD_9858_017040_017160.rttm,89.74,49.24,44.19
SOD_9858_018240_018360.rttm,89.92,26.38,23.72
SOD_9858_021360_021480.rttm,100.00,0.00,0.00
SOD_9858_022020_022140.rttm,82.06,21.41,17.57
SOD_9858_023100_023220.rttm,90.96,3.32,3.02
WAR_1130_002640_002760.rttm,89.34,54.30,48.51
WAR_1130_003000_003120.rttm,93.77,67.26,63.07
WAR_1130_004380_004500.rttm,61.12,11.06,6.76
WAR_1130_007080_007200.rttm,97.15,34.41,33.43
WAR_1130_009120_009240.rttm,71.70,21.45,15.38
WAR_1130_011220_011340.rttm,76.36,5.71,4.36
WAR_1130_013260_013380.rttm,89.58,81.48,72.99
WAR_1130_021960_022080.rttm,93.89,1.80,1.69
WAR_1130_022980_023100.rttm,100.00,0.00,0.00
WAR_1130_023580_023700.rttm,66.44,54.11,35.95
WAR_1130_026400_026520.rttm,80.48,12.09,9.73
WAR_1130_027660_027780.rttm,91.82,42.81,39.31
WAR_1130_037140_037260.rttm,81.99,42.54,34.88
WAR_1130_039420_039540.rttm,100.00,0.00,0.00
WAR_1130_040080_040200.rttm,100.00,0.00,0.00
WAR_2535_004380_004500.rttm,73.19,24.43,17.88
WAR_2535_006840_006960.rttm,100.00,0.00,0.00
WAR_2535_009720_009840.rttm,83.58,64.05,53.53
WAR_2535_010920_011040.rttm,80.55,23.24,18.72
WAR_2535_012600_012720.rttm,85.09,69.63,59.25
WAR_2535_013320_013440.rttm,72.56,10.86,7.88
WAR_2535_014940_015060.rttm,60.95,4.61,2.81
WAR_2535_018660_018780.rttm,100.00,0.00,0.00
WAR_2535_025740_025860.rttm,92.64,39.66,36.74
WAR_2535_032640_032760.rttm,95.92,27.19,26.08
WAR_2535_034500_034620.rttm,92.56,27.84,25.77
WAR_2535_035640_035760.rttm,89.60,16.25,14.56
WAR_2535_036960_037080.rttm,92.86,31.39,29.15
WAR_2535_038400_038520.rttm,88.70,37.09,32.90
WAR_2535_045660_045780.rttm,44.41,17.81,7.91
WAR_3090_010980_011100.rttm,39.94,30.27,12.09
WAR_3090_016320_016440.rttm,60.20,4.95,2.98
WAR_3090_020820_020940.rttm,39.57,1.87,0.74
WAR_3090_021120_021240.rttm,75.69,11.56,8.75
WAR_3090_027060_027180.rttm,68.68,36.85,25.31
WAR_3090_030780_030900.rttm,0.00,1.01,0.00
WAR_3090_031860_031980.rttm,100.00,0.00,0.00
WAR_3090_032340_032460.rttm,100.00,0.00,0.00
WAR_3090_034200_034320.rttm,0.00,6.62,0.00
WAR_3090_037080_037200.rttm,30.54,16.01,4.89
WAR_3090_043920_044040.rttm,50.45,52.75,26.61
WAR_3090_046980_047100.rttm,75.25,40.56,30.52
WAR_3090_047700_047820.rttm,76.38,35.61,27.20
WAR_3090_048720_048840.rttm,76.75,47.66,36.58
WAR_3090_055920_056040.rttm,81.69,85.10,69.52
WAR_3528_003060_003180.rttm,79.39,23.43,18.60
WAR_3528_006600_006720.rttm,80.06,49.99,40.02
WAR_3528_007680_007800.rttm,58.81,9.59,5.64
WAR_3528_012000_012120.rttm,100.00,0.00,0.00
WAR_3528_015360_015480.rttm,100.00,0.00,0.00
WAR_3528_018480_018600.rttm,100.00,0.00,0.00
WAR_3528_023100_023220.rttm,100.00,0.00,0.00
WAR_3528_028920_029040.rttm,51.67,0.60,0.31
WAR_3528_030600_030720.rttm,100.00,0.00,0.00
WAR_3528_045720_045840.rttm,100.00,0.00,0.00
WAR_3528_047940_048060.rttm,100.00,0.00,0.00
WAR_3528_049920_050040.rttm,100.00,0.00,0.00
WAR_3528_050400_050520.rttm,100.00,0.00,0.00
WAR_3528_054960_055080.rttm,100.00,0.00,0.00
WAR_3528_056340_056460.rttm,100.00,0.00,0.00
WAR_4995_002820_002940.rttm,70.30,44.31,31.15
WAR_4995_005100_005220.rttm,60.00,1.20,0.72
WAR_4995_007080_007200.rttm,86.61,36.06,31.23
WAR_4995_007440_007560.rttm,82.28,44.75,36.82
WAR_4995_012660_012780.rttm,69.66,18.49,12.88
WAR_4995_017580_017700.rttm,66.39,19.37,12.86
WAR_4995_019500_019620.rttm,66.34,27.24,18.07
WAR_4995_020340_020460.rttm,67.24,12.82,8.62
WAR_4995_023160_023280.rttm,70.35,15.28,10.75
WAR_4995_026280_026400.rttm,80.25,23.54,18.89
WAR_4995_026700_026820.rttm,92.26,88.76,81.89
WAR_4995_027300_027420.rttm,100.00,0.00,0.00
WAR_4995_029760_029880.rttm,100.00,0.00,0.00
WAR_4995_032760_032880.rttm,100.00,0.00,0.00
WAR_4995_033120_033240.rttm,84.41,1.86,1.57
WAR_5613_007800_007920.rttm,100.00,0.00,0.00
WAR_5613_015240_015360.rttm,74.17,17.85,13.24
WAR_5613_017820_017940.rttm,94.67,12.00,11.36
WAR_5613_020040_020160.rttm,89.41,40.99,36.65
WAR_5613_028560_028680.rttm,90.70,33.33,30.23
WAR_5613_029700_029820.rttm,100.00,0.00,0.00
WAR_5613_030540_030660.rttm,88.45,39.38,34.83
WAR_5613_031980_032100.rttm,100.00,0.00,0.00
WAR_5613_033000_033120.rttm,75.00,35.16,26.37
WAR_5613_034620_034740.rttm,92.73,71.38,66.19
WAR_5613_038820_038940.rttm,92.21,37.35,34.44
WAR_5613_044400_044520.rttm,100.00,1.14,1.14
WAR_5613_053760_053880.rttm,91.81,34.93,32.07
WAR_5613_056520_056640.rttm,100.00,0.00,0.00
WAR_5613_057240_057360.rttm,100.00,0.00,0.00
WAR_5959_003960_004080.rttm,77.34,26.21,20.27
WAR_5959_004920_005040.rttm,30.00,1.20,0.36
WAR_5959_008520_008640.rttm,100.00,0.00,0.00
WAR_5959_012240_012360.rttm,82.23,17.39,14.30
WAR_5959_012840_012960.rttm,85.34,57.28,48.88
WAR_5959_018300_018420.rttm,87.83,10.68,9.38
WAR_5959_021960_022080.rttm,77.58,19.94,15.47
WAR_5959_022920_023040.rttm,100.00,0.00,0.00
WAR_5959_025800_025920.rttm,85.85,29.33,25.18
WAR_5959_037560_037680.rttm,92.79,14.70,13.64
WAR_5959_039300_039420.rttm,100.00,0.00,0.00
WAR_5959_041940_042060.rttm,100.00,0.00,0.00
WAR_5959_042300_042420.rttm,100.00,0.00,0.00
WAR_5959_051900_052020.rttm,100.00,0.00,0.00
WAR_5959_055800_055920.rttm,100.00,0.00,0.00
WAR_9398_003180_003300.rttm,66.02,10.30,6.80
WAR_9398_005100_005220.rttm,69.03,46.53,32.12
WAR_9398_006000_006120.rttm,86.93,45.30,39.38
WAR_9398_007680_007800.rttm,77.71,55.95,43.48
WAR_9398_009300_009420.rttm,75.57,88.91,67.19
WAR_9398_011640_011760.rttm,100.00,0.00,0.00
WAR_9398_012540_012660.rttm,100.00,0.00,0.00
WAR_9398_013500_013620.rttm,100.00,0.00,0.00
WAR_9398_018660_018780.rttm,92.52,71.27,65.94
WAR_9398_019500_019620.rttm,65.55,17.36,11.38
WAR_9398_022920_023040.rttm,43.46,1.91,0.83
WAR_9398_026700_026820.rttm,67.60,8.58,5.80
WAR_9398_027600_027720.rttm,68.25,8.82,6.02
WAR_9398_033780_033900.rttm,77.69,71.08,55.22
WAR_9398_034140_034260.rttm,75.70,90.86,68.78
WAR_9427_004380_004500.rttm,70.17,36.98,25.95
WAR_9427_008940_009060.rttm,100.00,0.00,0.00
WAR_9427_009960_010080.rttm,100.00,0.00,0.00
WAR_9427_017880_018000.rttm,78.78,4.90,3.86
WAR_9427_018240_018360.rttm,42.42,38.38,16.28
WAR_9427_021000_021120.rttm,12.37,12.05,1.49
WAR_9427_022800_022920.rttm,95.66,82.12,78.56
WAR_9427_033300_033420.rttm,89.24,27.50,24.54
WAR_9427_043260_043380.rttm,71.61,8.49,6.08
WAR_9427_045000_045120.rttm,93.36,2.71,2.53
WAR_9427_045960_046080.rttm,86.84,1.90,1.65
WAR_9427_049320_049440.rttm,100.00,0.00,0.00
WAR_9427_053340_053460.rttm,100.00,0.00,0.00
WAR_9427_056040_056160.rttm,93.77,23.92,22.43
WAR_9427_056760_056880.rttm,100.00,1.24,1.24
WAR_9755_004140_004260.rttm,100.00,0.00,0.00
WAR_9755_010980_011100.rttm,83.98,50.43,42.35
WAR_9755_013140_013260.rttm,78.96,16.30,12.87
WAR_9755_014640_014760.rttm,100.00,0.00,0.00
WAR_9755_016680_016800.rttm,100.00,0.00,0.00
WAR_9755_017160_017280.rttm,65.35,2.02,1.32
WAR_9755_019020_019140.rttm,97.22,1.44,1.40
WAR_9755_026520_026640.rttm,100.00,0.00,0.00
WAR_9755_029400_029520.rttm,47.54,0.61,0.29
WAR_9755_031080_031200.rttm,87.98,24.30,21.38
WAR_9755_035280_035400.rttm,56.42,12.78,7.21
WAR_9755_036060_036180.rttm,79.53,41.48,32.99
WAR_9755_036900_037020.rttm,58.28,18.96,11.05
WAR_9755_038340_038460.rttm,75.91,16.77,12.73
WAR_9755_038880_039000.rttm,45.28,16.94,7.67
TOTAL,77.37,14253.40,11028.31
